TimeStamp,Accelerometer_X,Accelerometer_Y,Accelerometer_Z,Gyroscope_X,Gyroscope_Y,Gyroscope_Z,Magnetometer_X,Magnetometer_Y,Magnetometer_Z,Light,Measured Displacement,Total Rotation,Compass Bearing,Compass Direction,Compass Cardinal Direction,Ground Truth Cardinal Direction
06-03-16_21:28:16:814,0.0,0.0,0.0,0.0,0.0,0.0,0.0,0.0,0.0,2.0,0.0,0.0,null,,,
06-03-16_21:28:16:888,1.089734,2.675237,9.287886,0.0,0.0,0.0,0.0,0.0,0.0,2.0,0.0,0.0,null,,,
06-03-16_21:28:16:889,1.092129,2.675237,9.299861,0.0,0.0,0.0,0.0,0.0,0.0,2.0,0.0,0.0,null,,,
06-03-16_21:28:16:890,1.092129,2.6417067,9.14179,0.0,0.0,0.0,0.0,0.0,0.0,2.0,0.0,0.0,null,,,
06-03-16_21:28:17:042,1.092129,2.6417067,9.14179,-0.08522116,0.066046394,0.022370555,0.0,0.0,0.0,2.0,0.0,0.0,null,,,
06-03-16_21:28:17:044,0.977168,2.6225464,9.18011,-0.08522116,0.066046394,0.022370555,0.0,0.0,0.0,2.0,0.0,0.0,null,,,
06-03-16_21:28:17:044,1.0011182,2.574646,9.263936,-0.08522116,0.066046394,0.022370555,0.0,0.0,0.0,2.0,0.0,0.0,null,,,
06-03-16_21:28:17:045,1.0011182,2.574646,9.263936,-0.08522116,0.066046394,0.022370555,0.0,0.0,0.0,3.0,0.0,0.0,null,,,
06-03-16_21:28:17:046,0.974773,2.560276,9.223221,-0.08522116,0.066046394,0.022370555,0.0,0.0,0.0,3.0,0.0,0.0,null,,,
06-03-16_21:28:17:047,1.1232642,2.5411158,9.393267,-0.08522116,0.066046394,0.022370555,0.0,0.0,0.0,3.0,0.0,0.0,null,,,
06-03-16_21:28:17:104,1.1232642,2.5411158,9.393267,-0.10652645,0.07882957,-0.008522116,0.0,0.0,0.0,3.0,0.0,0.0,null,,,
06-03-16_21:28:17:105,0.99393314,2.5195606,9.287886,-0.10652645,0.07882957,-0.008522116,0.0,0.0,0.0,3.0,0.0,0.0,null,,,
06-03-16_21:28:17:106,1.0035132,2.3998096,9.381292,-0.10652645,0.07882957,-0.008522116,0.0,0.0,0.0,3.0,0.0,0.0,null,,,
06-03-16_21:28:17:183,1.0418335,2.2824538,9.608819,-0.10652645,0.07882957,-0.008522116,0.0,0.0,0.0,3.0,0.0,0.0,null,,,
06-03-16_21:28:17:184,0.9196875,2.2537134,9.697434,-0.10652645,0.07882957,-0.008522116,0.0,0.0,0.0,3.0,0.0,0.0,null,,,
06-03-16_21:28:17:214,0.9196875,2.2537134,9.697434,-0.10652645,0.07882957,-0.008522116,0.0,0.0,0.0,3.0,0.0,0.0,null,,,
06-03-16_21:28:17:263,0.9196875,2.2537134,9.697434,-0.10652645,0.07882957,-0.008522116,8.6875,34.125,-2.5625,3.0,0.0,0.0,345.195,N,N,
06-03-16_21:28:17:265,0.9196875,2.2537134,9.697434,0.066046394,0.0031957934,0.017044231,8.6875,34.125,-2.5625,3.0,0.0,0.0,345.195,N,N,
06-03-16_21:28:17:267,0.8813672,2.3662794,9.539363,0.066046394,0.0031957934,0.017044231,8.6875,34.125,-2.5625,3.0,0.0,0.0,345.165,N,N,
06-03-16_21:28:17:269,0.9364527,2.4860303,9.204061,0.066046394,0.0031957934,0.017044231,8.6875,34.125,-2.5625,3.0,0.0,0.0,345.071,N,N,
06-03-16_21:28:17:342,1.0274634,2.5387208,8.993299,0.066046394,0.0031957934,0.017044231,8.6875,34.125,-2.5625,3.0,0.0,0.0,344.991,N,N,
06-03-16_21:28:17:343,1.2286451,2.5914114,9.108259,0.066046394,0.0031957934,0.017044231,8.6875,34.125,-2.5625,3.0,0.0,0.0,344.918,N,N,
06-03-16_21:28:17:421,1.2286451,2.5914114,9.108259,0.066046394,0.0031957934,0.017044231,9.0625,32.6875,-2.5625,3.0,0.0,0.0,343.669,N,N,
06-03-16_21:28:17:422,1.2286451,2.5914114,9.108259,-0.054328486,0.022370555,-0.041545313,9.0625,32.6875,-2.5625,3.0,0.0,0.0,343.669,N,N,
06-03-16_21:28:17:423,1.0322535,2.562671,9.230406,-0.054328486,0.022370555,-0.041545313,9.0625,32.6875,-2.5625,3.0,0.0,0.0,343.771,N,N,
06-03-16_21:28:17:424,0.6730005,2.435735,9.5561285,-0.054328486,0.022370555,-0.041545313,9.0625,32.6875,-2.5625,3.0,0.0,0.0,343.999,N,N,
06-03-16_21:28:17:501,0.73527104,2.339934,9.467513,-0.054328486,0.022370555,-0.041545313,9.0625,32.6875,-2.5625,3.0,0.0,0.0,343.990,N,N,
06-03-16_21:28:17:502,1.0154883,2.320774,9.515413,-0.054328486,0.022370555,-0.041545313,9.0625,32.6875,-2.5625,3.0,0.0,0.0,343.890,N,N,
06-03-16_21:28:17:579,1.0154883,2.320774,9.515413,-0.054328486,0.022370555,-0.041545313,8.3125,33.4375,-2.125,3.0,0.0,0.0,345.480,N,N,
06-03-16_21:28:17:581,1.0154883,2.320774,9.515413,0.024501082,0.06178534,-0.07669904,8.3125,33.4375,-2.125,3.0,0.0,0.0,345.480,N,N,
06-03-16_21:28:17:583,0.91010743,2.3806496,9.438772,0.024501082,0.06178534,-0.07669904,8.3125,33.4375,-2.125,3.0,0.0,0.0,345.487,N,N,
06-03-16_21:28:17:584,0.75203615,2.411785,9.558523,0.024501082,0.06178534,-0.07669904,8.3125,33.4375,-2.125,3.0,0.0,0.0,345.541,N,N,
06-03-16_21:28:17:615,0.75203615,2.411785,9.558523,0.024501082,0.06178534,-0.07669904,8.3125,33.4375,-2.125,3.0,0.0,0.0,345.541,N,N,
06-03-16_21:28:17:658,0.5005591,2.4069948,9.570498,0.024501082,0.06178534,-0.07669904,8.3125,33.4375,-2.125,3.0,0.0,0.0,345.633,N,N,
06-03-16_21:28:17:662,0.4143384,2.4501052,8.8879175,0.024501082,0.06178534,-0.07669904,8.3125,33.4375,-2.125,3.0,0.0,0.0,345.589,N,N,
06-03-16_21:28:17:738,0.4143384,2.4501052,8.8879175,0.024501082,0.06178534,-0.07669904,8.6875,33.4375,0.5625,3.0,0.0,0.0,344.862,N,N,
06-03-16_21:28:17:739,0.4143384,2.4501052,8.8879175,-0.10972224,0.34940675,-0.05752428,8.6875,33.4375,0.5625,3.0,0.0,0.0,344.862,N,N,
06-03-16_21:28:17:741,1.0514137,2.5027955,8.636441,-0.10972224,0.34940675,-0.05752428,8.6875,33.4375,0.5625,3.0,0.0,0.0,344.891,N,N,
06-03-16_21:28:17:742,0.8669971,2.562671,9.515413,-0.10972224,0.34940675,-0.05752428,8.6875,33.4375,0.5625,3.0,0.0,0.0,344.932,N,N,
06-03-16_21:28:17:815,0.8669971,2.562671,9.515413,-0.10972224,0.34940675,-0.05752428,8.6875,33.4375,0.5625,3.0,0.0,0.0,344.932,N,N,
06-03-16_21:28:17:819,0.22513184,2.3902297,10.111773,-0.10972224,0.34940675,-0.05752428,8.6875,33.4375,0.5625,3.0,0.0,0.0,345.000,N,N,
06-03-16_21:28:17:822,0.6730005,2.4045997,9.874666,-0.10972224,0.34940675,-0.05752428,8.6875,33.4375,0.5625,3.0,0.0,0.0,345.007,N,N,
06-03-16_21:28:17:896,0.6730005,2.4045997,9.874666,-0.10972224,0.34940675,-0.05752428,10.8125,33.0625,0.125,3.0,0.0,0.0,341.344,N,N,
06-03-16_21:28:17:898,0.6730005,2.4045997,9.874666,-0.008522116,-0.0777643,0.094808534,10.8125,33.0625,0.125,3.0,0.0,0.0,341.344,N,N,
06-03-16_21:28:17:899,0.7209009,2.7638526,8.471185,-0.008522116,-0.0777643,0.094808534,10.8125,33.0625,0.125,3.0,0.0,0.0,340.922,N,N,
06-03-16_21:28:17:901,0.68018556,2.3998096,7.790999,-0.008522116,-0.0777643,0.094808534,10.8125,33.0625,0.125,3.0,0.0,0.0,341.025,N,N,
06-03-16_21:28:17:975,0.95561284,2.2824538,9.378897,-0.008522116,-0.0777643,0.094808534,10.8125,33.0625,0.125,3.0,0.0,0.0,341.357,N,N,
06-03-16_21:28:17:976,1.5016773,2.5938063,11.817027,-0.008522116,-0.0777643,0.094808534,10.8125,33.0625,0.125,3.0,0.0,0.0,341.489,N,N,
06-03-16_21:28:18:015,1.5016773,2.5938063,11.817027,-0.008522116,-0.0777643,0.094808534,10.8125,33.0625,0.125,2.0,0.0,0.0,341.489,N,N,
06-03-16_21:28:18:054,1.5016773,2.5938063,11.817027,-0.008522116,-0.0777643,0.094808534,9.0625,33.0625,-1.0,2.0,0.0,0.0,344.227,N,N,
06-03-16_21:28:18:055,1.5016773,2.5938063,11.817027,0.4250405,0.46232477,0.080960095,9.0625,33.0625,-1.0,2.0,0.0,0.0,344.227,N,N,
06-03-16_21:28:18:056,0.043110352,2.7830129,9.017249,0.4250405,0.46232477,0.080960095,9.0625,33.0625,-1.0,2.0,0.0,0.0,344.121,N,N,
06-03-16_21:28:18:058,-0.0071850587,2.9650342,8.080796,0.4250405,0.46232477,0.080960095,9.0625,33.0625,-1.0,2.0,0.0,0.0,343.896,N,N,
06-03-16_21:28:18:133,0.1820215,3.056045,9.81,0.4250405,0.46232477,0.080960095,9.0625,33.0625,-1.0,2.0,0.0,0.0,344.072,N,N,
06-03-16_21:28:18:135,0.366438,3.0105398,9.307046,0.4250405,0.46232477,0.080960095,9.0625,33.0625,-1.0,2.0,0.0,0.0,343.971,N,N,
06-03-16_21:28:18:215,0.366438,3.0105398,9.307046,0.4250405,0.46232477,0.080960095,14.125,30.1875,0.1875,2.0,0.0,0.0,333.663,NW,N,
06-03-16_21:28:18:217,0.366438,3.0105398,9.307046,0.2790993,0.12463594,-0.21944448,14.125,30.1875,0.1875,2.0,0.0,0.0,333.663,NW,N,
06-03-16_21:28:18:219,-0.07664063,2.9961696,8.952583,0.2790993,0.12463594,-0.21944448,14.125,30.1875,0.1875,2.0,0.0,0.0,333.719,NW,N,
06-03-16_21:28:18:220,-0.011975098,2.802173,9.429193,0.2790993,0.12463594,-0.21944448,14.125,30.1875,0.1875,2.0,0.0,0.0,333.943,NW,N,
06-03-16_21:28:18:222,-0.011975098,2.802173,9.429193,0.2790993,0.12463594,-0.21944448,14.125,30.1875,0.1875,3.0,0.0,0.0,333.943,NW,N,
06-03-16_21:28:18:292,-0.47900394,3.1398706,9.68067,0.2790993,0.12463594,-0.21944448,14.125,30.1875,0.1875,3.0,0.0,0.0,333.946,NW,N,
06-03-16_21:28:18:294,-1.1879297,3.8751419,8.952583,0.2790993,0.12463594,-0.21944448,14.125,30.1875,0.1875,3.0,0.0,0.0,333.716,NW,N,
06-03-16_21:28:18:370,-1.1879297,3.8751419,8.952583,0.2790993,0.12463594,-0.21944448,15.5625,28.75,0.9375,3.0,0.0,0.0,329.932,NW,N,
06-03-16_21:28:18:372,-1.1879297,3.8751419,8.952583,0.15659387,-0.15339808,0.20453078,15.5625,28.75,0.9375,3.0,0.0,0.0,329.932,NW,N,
06-03-16_21:28:18:374,-0.49097902,4.5744877,8.289163,0.15659387,-0.15339808,0.20453078,15.5625,28.75,0.9375,3.0,0.0,0.0,328.229,NW,N,
06-03-16_21:28:18:376,0.19639161,4.0763235,8.399334,0.15659387,-0.15339808,0.20453078,15.5625,28.75,0.9375,3.0,0.0,0.0,328.445,NW,N,
06-03-16_21:28:18:415,0.19639161,4.0763235,8.399334,0.15659387,-0.15339808,0.20453078,15.5625,28.75,0.9375,3.0,0.0,0.0,328.445,NW,N,
06-03-16_21:28:18:449,0.5484595,3.9637575,8.655601,0.15659387,-0.15339808,0.20453078,15.5625,28.75,0.9375,3.0,0.0,0.0,328.603,NW,N,
06-03-16_21:28:18:451,0.26345217,4.138594,8.667576,0.15659387,-0.15339808,0.20453078,15.5625,28.75,0.9375,3.0,0.0,0.0,328.502,NW,N,
06-03-16_21:28:18:529,0.26345217,4.138594,8.667576,0.15659387,-0.15339808,0.20453078,15.9375,23.6875,2.0625,3.0,0.0,0.0,321.961,NW,N,
06-03-16_21:28:18:530,0.26345217,4.138594,8.667576,-0.07669904,0.09267801,-0.10652645,15.9375,23.6875,2.0625,3.0,0.0,0.0,321.961,NW,N,
06-03-16_21:28:18:532,-0.20357667,4.1146436,8.5502205,-0.07669904,0.09267801,-0.10652645,15.9375,23.6875,2.0625,3.0,0.0,0.0,322.217,NW,N,
06-03-16_21:28:18:533,-0.60594,3.899092,8.717872,-0.07669904,0.09267801,-0.10652645,15.9375,23.6875,2.0625,3.0,0.0,0.0,322.942,NW,N,
06-03-16_21:28:18:607,-0.30177248,3.9302273,8.921448,-0.07669904,0.09267801,-0.10652645,15.9375,23.6875,2.0625,3.0,0.0,0.0,322.786,NW,N,
06-03-16_21:28:18:609,-0.16046631,4.0427933,8.825647,-0.07669904,0.09267801,-0.10652645,15.9375,23.6875,2.0625,3.0,0.0,0.0,322.477,NW,N,
06-03-16_21:28:18:686,-0.16046631,4.0427933,8.825647,-0.07669904,0.09267801,-0.10652645,16.25,23.6875,2.4375,3.0,0.0,0.0,321.721,NW,N,
06-03-16_21:28:18:688,-0.16046631,4.0427933,8.825647,-0.05006743,0.07989483,0.0127831735,16.25,23.6875,2.4375,3.0,0.0,0.0,321.721,NW,N,
06-03-16_21:28:18:690,-0.19160157,3.9637575,8.751402,-0.05006743,0.07989483,0.0127831735,16.25,23.6875,2.4375,3.0,0.0,0.0,321.809,NW,N,
06-03-16_21:28:18:692,-0.22752686,3.906277,8.921448,-0.05006743,0.07989483,0.0127831735,16.25,23.6875,2.4375,3.0,0.0,0.0,322.023,NW,N,
06-03-16_21:28:18:765,-0.29937744,3.8847218,8.911868,-0.05006743,0.07989483,0.0127831735,16.25,23.6875,2.4375,3.0,0.0,0.0,322.092,NW,N,
06-03-16_21:28:18:767,-0.26584718,3.9637575,8.667576,-0.05006743,0.07989483,0.0127831735,16.25,23.6875,2.4375,3.0,0.0,0.0,321.803,NW,N,
06-03-16_21:28:18:845,-0.26584718,3.9637575,8.667576,-0.05006743,0.07989483,0.0127831735,17.375,24.0,2.8125,3.0,0.0,0.0,320.109,NW,N,N
06-03-16_21:28:18:846,-0.26584718,3.9637575,8.667576,-0.06498113,0.06391586,-0.01917476,17.375,24.0,2.8125,3.0,0.0,0.0,320.109,NW,N,N
06-03-16_21:28:18:848,0.0,4.0020776,8.911868,-0.06498113,0.06391586,-0.01917476,17.375,24.0,2.8125,3.0,0.0,0.0,320.047,NW,N,N
06-03-16_21:28:18:849,-0.34009278,3.9254372,8.856783,-0.06498113,0.06391586,-0.01917476,17.375,24.0,2.8125,3.0,0.0,0.0,320.344,NW,N,N
06-03-16_21:28:18:923,-0.2921924,3.894302,8.981323,-0.06498113,0.06391586,-0.01917476,17.375,24.0,2.8125,3.0,0.0,0.0,320.434,NW,N,N
06-03-16_21:28:18:924,-0.43110353,3.8224514,8.856783,-0.06498113,0.06391586,-0.01917476,17.375,24.0,2.8125,3.0,0.0,0.0,320.557,NW,N,N
06-03-16_21:28:19:003,-0.43110353,3.8224514,8.856783,-0.06498113,0.06391586,-0.01917476,17.6875,25.5,2.0625,3.0,0.0,0.0,322.245,NW,N,N
06-03-16_21:28:19:005,-0.43110353,3.8224514,8.856783,-0.023435818,0.056459017,0.02130529,17.6875,25.5,2.0625,3.0,0.0,0.0,322.245,NW,N,N
06-03-16_21:28:19:007,-0.51971924,3.791316,8.775352,-0.023435818,0.056459017,0.02130529,17.6875,25.5,2.0625,3.0,0.0,0.0,322.313,NW,N,N
06-03-16_21:28:19:008,-0.25866213,3.8320315,8.969349,-0.023435818,0.056459017,0.02130529,17.6875,25.5,2.0625,3.0,0.0,0.0,322.166,NW,N,N
06-03-16_21:28:19:015,-0.25866213,3.8320315,8.969349,-0.023435818,0.056459017,0.02130529,17.6875,25.5,2.0625,2.0,0.0,0.0,322.166,NW,N,N
06-03-16_21:28:19:081,-0.5628296,3.8727467,8.5598,-0.023435818,0.056459017,0.02130529,17.6875,25.5,2.0625,2.0,0.0,0.0,322.132,NW,N,N
06-03-16_21:28:19:083,-0.3161426,3.8440065,8.916658,-0.023435818,0.056459017,0.02130529,17.6875,25.5,2.0625,2.0,0.0,0.0,322.162,NW,N,N
06-03-16_21:28:19:161,-0.3161426,3.8440065,8.916658,-0.023435818,0.056459017,0.02130529,18.4375,24.0,2.8125,2.0,0.0,0.0,318.835,NW,N,W
06-03-16_21:28:19:163,-0.3161426,3.8440065,8.916658,-0.03195793,0.09161274,-0.020240024,18.4375,24.0,2.8125,2.0,0.0,0.0,318.835,NW,N,W
06-03-16_21:28:19:164,-0.2706372,3.8799317,9.24717,-0.03195793,0.09161274,-0.020240024,18.4375,24.0,2.8125,2.0,0.0,0.0,318.944,NW,N,W
06-03-16_21:28:19:165,-0.87178713,3.9493873,8.811277,-0.03195793,0.09161274,-0.020240024,18.4375,24.0,2.8125,2.0,0.0,0.0,319.122,NW,N,W
06-03-16_21:28:19:215,-0.87178713,3.9493873,8.811277,-0.03195793,0.09161274,-0.020240024,18.4375,24.0,2.8125,3.0,0.0,0.0,319.122,NW,N,W
06-03-16_21:28:19:240,0.043110352,3.63564,9.096285,-0.03195793,0.09161274,-0.020240024,18.4375,24.0,2.8125,3.0,0.0,0.0,319.021,NW,N,W
06-03-16_21:28:19:242,-0.014370117,3.6116896,8.854387,-0.03195793,0.09161274,-0.020240024,18.4375,24.0,2.8125,3.0,0.0,0.0,318.942,NW,N,W
06-03-16_21:28:19:319,-0.014370117,3.6116896,8.854387,-0.03195793,0.09161274,-0.020240024,18.4375,25.125,0.9375,3.0,0.0,0.0,321.185,NW,N,W
06-03-16_21:28:19:322,-0.014370117,3.6116896,8.854387,-0.12037488,-0.084155895,0.01917476,18.4375,25.125,0.9375,3.0,0.0,0.0,321.185,NW,N,W
06-03-16_21:28:19:323,-0.6442603,3.7290456,8.52627,-0.12037488,-0.084155895,0.01917476,18.4375,25.125,0.9375,3.0,0.0,0.0,321.512,NW,N,W
06-03-16_21:28:19:325,-0.364043,3.5781593,8.638836,-0.12037488,-0.084155895,0.01917476,18.4375,25.125,0.9375,3.0,0.0,0.0,321.435,NW,N,W
06-03-16_21:28:19:398,-0.16046631,3.772156,9.3453665,-0.12037488,-0.084155895,0.01917476,18.4375,25.125,0.9375,3.0,0.0,0.0,321.344,NW,N,E
06-03-16_21:28:19:400,-0.09580079,3.6332448,8.883128,-0.12037488,-0.084155895,0.01917476,18.4375,25.125,0.9375,3.0,0.0,0.0,321.240,NW,N,E
06-03-16_21:28:19:477,-0.09580079,3.6332448,8.883128,-0.12037488,-0.084155895,0.01917476,17.6875,25.8125,2.0625,3.0,0.0,0.0,322.625,NW,N,E
06-03-16_21:28:19:479,-0.09580079,3.6332448,8.883128,0.0031957934,-0.058589544,-0.034088463,17.6875,25.8125,2.0625,3.0,0.0,0.0,322.625,NW,N,E
06-03-16_21:28:19:481,-0.3161426,3.293152,9.527389,0.0031957934,-0.058589544,-0.034088463,17.6875,25.8125,2.0625,3.0,0.0,0.0,323.424,NW,N,E
06-03-16_21:28:19:482,-0.50534916,3.288362,9.730965,0.0031957934,-0.058589544,-0.034088463,17.6875,25.8125,2.0625,3.0,0.0,0.0,323.587,NW,N,E
06-03-16_21:28:19:557,-0.68018556,3.2380664,9.010064,0.0031957934,-0.058589544,-0.034088463,17.6875,25.8125,2.0625,3.0,0.0,0.0,323.511,NW,N,E
06-03-16_21:28:19:559,-0.45026368,3.5494192,8.528665,0.0031957934,-0.058589544,-0.034088463,17.6875,25.8125,2.0625,3.0,0.0,0.0,322.788,NW,N,E
06-03-16_21:28:19:636,-0.45026368,3.5494192,8.528665,0.0031957934,-0.058589544,-0.034088463,16.625,27.625,1.3125,3.0,0.0,0.0,326.662,NW,N,E
06-03-16_21:28:19:638,-0.45026368,3.5494192,8.528665,0.02876214,-0.31957933,-0.0053263223,16.625,27.625,1.3125,3.0,0.0,0.0,326.662,NW,N,E
06-03-16_21:28:19:641,0.14130616,3.9134622,9.050779,0.02876214,-0.31957933,-0.0053263223,16.625,27.625,1.3125,3.0,0.0,0.0,326.128,NW,N,E
06-03-16_21:28:19:643,0.011975098,3.532654,8.995694,0.02876214,-0.31957933,-0.0053263223,16.625,27.625,1.3125,3.0,0.0,0.0,326.616,NW,N,E
06-03-16_21:28:19:714,0.1101709,3.7122805,9.096285,0.02876214,-0.31957933,-0.0053263223,16.625,27.625,1.3125,3.0,0.0,0.0,326.409,NW,N,E
06-03-16_21:28:19:716,0.55324954,3.7985013,8.880733,0.02876214,-0.31957933,-0.0053263223,16.625,27.625,1.3125,3.0,0.0,0.0,326.008,NW,N,E
06-03-16_21:28:19:793,0.55324954,3.7985013,8.880733,0.02876214,-0.31957933,-0.0053263223,15.1875,24.75,1.6875,3.0,0.0,0.0,325.289,NW,N,E
06-03-16_21:28:19:795,0.55324954,3.7985013,8.880733,0.19813919,-0.257794,0.054328486,15.1875,24.75,1.6875,3.0,0.0,0.0,325.289,NW,N,E
06-03-16_21:28:19:797,0.7759864,3.903882,8.674761,0.19813919,-0.257794,0.054328486,15.1875,24.75,1.6875,3.0,0.0,0.0,324.943,NW,N,E
06-03-16_21:28:19:798,0.8262818,4.0020776,8.068821,0.19813919,-0.257794,0.054328486,15.1875,24.75,1.6875,3.0,0.0,0.0,324.276,NW,N,E
06-03-16_21:28:19:814,0.8262818,4.0020776,8.068821,0.19813919,-0.257794,0.054328486,15.1875,24.75,1.6875,3.0,0.0,0.0,324.276,NW,N,E
06-03-16_21:28:19:872,0.94603276,3.9206471,8.871153,0.19813919,-0.257794,0.054328486,15.1875,24.75,1.6875,3.0,1.0,0.0,325.029,NW,N,E
06-03-16_21:28:19:875,0.9436377,4.018843,9.604029,0.19813919,-0.257794,0.054328486,15.1875,24.75,1.6875,3.0,1.0,0.0,325.351,NW,N,E
06-03-16_21:28:19:952,0.9436377,4.018843,9.604029,0.19813919,-0.257794,0.054328486,14.125,24.375,0.9375,3.0,1.0,0.0,327.130,NW,N,E
06-03-16_21:28:19:954,0.9436377,4.018843,9.604029,0.033023197,0.18216023,-0.12783173,14.125,24.375,0.9375,3.0,1.0,0.0,327.130,NW,N,E
06-03-16_21:28:19:956,0.5676197,3.887117,8.899893,0.033023197,0.18216023,-0.12783173,14.125,24.375,0.9375,3.0,1.0,0.0,326.996,NW,N,E
06-03-16_21:28:19:960,0.53169435,3.8296363,8.962164,0.033023197,0.18216023,-0.12783173,14.125,24.375,0.9375,3.0,1.0,0.0,327.118,NW,N,E
06-03-16_21:28:20:015,0.53169435,3.8296363,8.962164,0.033023197,0.18216023,-0.12783173,14.125,24.375,0.9375,3.0,1.0,0.0,327.118,NW,N,E
06-03-16_21:28:20:031,0.05269043,3.6260598,8.8951025,0.033023197,0.18216023,-0.12783173,14.125,24.375,0.9375,3.0,1.0,0.0,327.528,NW,N,E
06-03-16_21:28:20:032,0.102985844,3.6164796,8.801697,0.033023197,0.18216023,-0.12783173,14.125,24.375,0.9375,3.0,1.0,0.0,327.470,NW,N,E
06-03-16_21:28:20:111,0.102985844,3.6164796,8.801697,0.033023197,0.18216023,-0.12783173,14.8125,23.6875,0.5,3.0,1.0,0.0,325.639,NW,N,E
06-03-16_21:28:20:113,0.102985844,3.6164796,8.801697,0.17257284,-0.17789917,0.05219796,14.8125,23.6875,0.5,3.0,1.0,0.0,325.639,NW,N,E
06-03-16_21:28:20:115,0.10538086,3.8487966,9.002879,0.17257284,-0.17789917,0.05219796,14.8125,23.6875,0.5,3.0,1.0,0.0,325.468,NW,N,E
06-03-16_21:28:20:117,0.38080812,4.0691385,8.681946,0.17257284,-0.17789917,0.05219796,14.8125,23.6875,0.5,3.0,1.0,0.0,324.824,NW,N,E
06-03-16_21:28:20:189,0.8430469,4.0667434,8.813672,0.17257284,-0.17789917,0.05219796,14.8125,23.6875,0.5,3.0,1.0,0.0,324.662,NW,N,E
06-03-16_21:28:20:191,0.73527104,4.064348,8.722662,0.17257284,-0.17789917,0.05219796,14.8125,23.6875,0.5,3.0,1.0,0.0,324.653,NW,N,E
06-03-16_21:28:20:268,0.73527104,4.064348,8.722662,0.17257284,-0.17789917,0.05219796,13.375,23.3125,1.6875,3.0,1.0,0.0,326.555,NW,N,E
06-03-16_21:28:20:270,0.73527104,4.064348,8.722662,0.11930962,-0.294013,0.040480047,13.375,23.3125,1.6875,3.0,1.0,0.0,326.555,NW,N,E
06-03-16_21:28:20:272,0.5005591,4.1074586,8.722662,0.11930962,-0.294013,0.040480047,13.375,23.3125,1.6875,3.0,1.0,0.0,326.535,NW,N,E
06-03-16_21:28:20:274,0.43349856,4.045188,9.017249,0.11930962,-0.294013,0.040480047,13.375,23.3125,1.6875,3.0,1.0,0.0,326.840,NW,N,E
06-03-16_21:28:20:347,1.0777588,4.394861,8.461604,0.11930962,-0.294013,0.040480047,13.375,23.3125,1.6875,3.0,1.0,0.0,325.763,NW,N,E
06-03-16_21:28:20:348,1.4370118,4.423601,7.9227247,0.11930962,-0.294013,0.040480047,13.375,23.3125,1.6875,3.0,1.0,0.0,325.173,NW,N,E
06-03-16_21:28:20:416,1.4370118,4.423601,7.9227247,0.11930962,-0.294013,0.040480047,13.375,23.3125,1.6875,3.0,2.0,0.0,325.173,NW,N,E
06-03-16_21:28:20:428,1.4370118,4.423601,7.9227247,0.11930962,-0.294013,0.040480047,11.1875,21.875,3.1875,3.0,2.0,0.0,327.992,NW,N,E
06-03-16_21:28:20:430,1.4370118,4.423601,7.9227247,0.08628642,0.023435818,0.017044231,11.1875,21.875,3.1875,3.0,2.0,0.0,327.992,NW,N,E
06-03-16_21:28:20:432,1.0274634,4.3014555,9.342972,0.08628642,0.023435818,0.017044231,11.1875,21.875,3.1875,3.0,2.0,0.0,329.191,NW,N,E
06-03-16_21:28:20:434,0.9987232,4.387676,8.464,0.08628642,0.023435818,0.017044231,11.1875,21.875,3.1875,3.0,2.0,0.0,328.323,NW,N,E
06-03-16_21:28:20:506,0.6514453,4.2176294,8.51669,0.08628642,0.023435818,0.017044231,11.1875,21.875,3.1875,3.0,2.0,0.0,328.533,NW,N,E
06-03-16_21:28:20:511,0.5939649,4.1553593,8.720266,0.08628642,0.023435818,0.017044231,11.1875,21.875,3.1875,3.0,2.0,0.0,328.788,NW,N,E
06-03-16_21:28:20:585,0.5939649,4.1553593,8.720266,0.08628642,0.023435818,0.017044231,11.1875,21.125,2.8125,3.0,2.0,0.0,327.987,NW,N,E
06-03-16_21:28:20:586,0.5939649,4.1553593,8.720266,-0.09054748,0.09267801,0.041545313,11.1875,21.125,2.8125,3.0,2.0,0.0,327.987,NW,N,E
06-03-16_21:28:20:589,1.1639795,4.3014555,8.258028,-0.09054748,0.09267801,0.041545313,11.1875,21.125,2.8125,3.0,2.0,0.0,327.515,NW,N,E
06-03-16_21:28:20:594,1.1639795,4.3278003,8.674761,-0.09054748,0.09267801,0.041545313,11.1875,21.125,2.8125,3.0,2.0,0.0,327.842,NW,N,E
06-03-16_21:28:20:664,0.96040285,4.248765,9.017249,-0.09054748,0.09267801,0.041545313,11.1875,21.125,2.8125,3.0,2.0,0.0,328.168,NW,N,E
06-03-16_21:28:20:665,0.6011499,4.3134303,8.495134,-0.09054748,0.09267801,0.041545313,11.1875,21.125,2.8125,3.0,2.0,0.0,327.524,NW,N,E
06-03-16_21:28:20:743,0.6011499,4.3134303,8.495134,-0.09054748,0.09267801,0.041545313,12.3125,21.125,3.25,3.0,2.0,0.0,324.646,NW,N,E
06-03-16_21:28:20:745,0.6011499,4.3134303,8.495134,-0.05752428,0.10333065,0.01917476,12.3125,21.125,3.25,3.0,2.0,0.0,324.646,NW,N,E
06-03-16_21:28:20:747,0.6514453,4.2367897,8.612491,-0.05752428,0.10333065,0.01917476,12.3125,21.125,3.25,3.0,2.0,0.0,324.915,NW,N,E
06-03-16_21:28:20:748,0.7185059,4.2439747,8.59333,-0.05752428,0.10333065,0.01917476,12.3125,21.125,3.25,3.0,2.0,0.0,324.897,NW,N,E
06-03-16_21:28:20:815,0.7185059,4.2439747,8.59333,-0.05752428,0.10333065,0.01917476,12.3125,21.125,3.25,2.0,2.0,0.0,324.897,NW,N,E
06-03-16_21:28:20:822,0.79754156,4.2032595,8.816068,-0.05752428,0.10333065,0.01917476,12.3125,21.125,3.25,2.0,2.0,0.0,325.195,NW,N,E
06-03-16_21:28:20:824,0.6945557,4.184099,8.238868,-0.05752428,0.10333065,0.01917476,12.3125,21.125,3.25,2.0,2.0,0.0,324.663,NW,N,E
06-03-16_21:28:20:901,0.6945557,4.184099,8.238868,-0.05752428,0.10333065,0.01917476,13.0,21.5,2.4375,2.0,2.0,0.0,324.071,NW,N,E
06-03-16_21:28:20:903,0.6945557,4.184099,8.238868,-0.1107875,-0.020240024,0.034088463,13.0,21.5,2.4375,2.0,2.0,0.0,324.071,NW,N,E
06-03-16_21:28:20:905,0.59156984,4.25595,8.849598,-0.1107875,-0.020240024,0.034088463,13.0,21.5,2.4375,2.0,2.0,0.0,324.500,NW,N,E
06-03-16_21:28:20:909,0.7161109,4.0787187,9.1849,-0.1107875,-0.020240024,0.034088463,13.0,21.5,2.4375,2.0,2.0,0.0,325.041,NW,N,E
06-03-16_21:28:20:980,0.62510014,4.232,8.739427,-0.1107875,-0.020240024,0.034088463,13.0,21.5,2.4375,2.0,2.0,0.0,324.446,NW,N,E
06-03-16_21:28:20:982,0.7592212,4.0571632,8.859178,-0.1107875,-0.020240024,0.034088463,13.0,21.5,2.4375,2.0,2.0,0.0,324.837,NW,N,E
06-03-16_21:28:21:060,0.7592212,4.0571632,8.859178,-0.1107875,-0.020240024,0.034088463,13.75,22.5625,3.1875,2.0,2.0,0.0,324.350,NW,N,E
06-03-16_21:28:21:064,0.7592212,4.0571632,8.859178,-0.00958738,0.07243799,-0.0031957934,13.75,22.5625,3.1875,2.0,2.0,0.0,324.350,NW,N,E
06-03-16_21:28:21:066,0.58198977,4.2008643,8.509504,-0.00958738,0.07243799,-0.0031957934,13.75,22.5625,3.1875,2.0,2.0,0.0,323.763,NW,N,E
06-03-16_21:28:21:067,0.46463382,4.143384,8.58854,-0.00958738,0.07243799,-0.0031957934,13.75,22.5625,3.1875,2.0,2.0,0.0,323.945,NW,N,E
06-03-16_21:28:21:138,0.6586304,4.2032595,8.62207,-0.00958738,0.07243799,-0.0031957934,13.75,22.5625,3.1875,2.0,2.0,0.0,323.866,NW,N,E
06-03-16_21:28:21:144,0.62031007,4.126619,8.780142,-0.00958738,0.07243799,-0.0031957934,13.75,22.5625,3.1875,2.0,2.0,0.0,324.144,NW,N,E
06-03-16_21:28:21:218,0.62031007,4.126619,8.780142,-0.00958738,0.07243799,-0.0031957934,14.125,22.1875,2.8125,2.0,2.0,0.0,323.061,NW,N,E
06-03-16_21:28:21:220,0.62031007,4.126619,8.780142,-0.033023197,0.0053263223,0.013848438,14.125,22.1875,2.8125,2.0,2.0,0.0,323.061,NW,N,E
06-03-16_21:28:21:221,0.58198977,4.1098537,8.830438,-0.033023197,0.0053263223,0.013848438,14.125,22.1875,2.8125,2.0,2.0,0.0,323.136,NW,N,E
06-03-16_21:28:21:223,0.95561284,4.112249,8.813672,-0.033023197,0.0053263223,0.013848438,14.125,22.1875,2.8125,2.0,2.0,0.0,323.116,NW,N,E
06-03-16_21:28:21:296,0.65384036,4.014053,8.222102,-0.033023197,0.0053263223,0.013848438,14.125,22.1875,2.8125,2.0,2.0,0.0,322.765,NW,N,S
06-03-16_21:28:21:300,0.06227051,4.0667434,8.727451,-0.033023197,0.0053263223,0.013848438,14.125,22.1875,2.8125,2.0,2.0,0.0,323.239,NW,N,S
06-03-16_21:28:21:376,0.06227051,4.0667434,8.727451,-0.033023197,0.0053263223,0.013848438,14.8125,22.5625,3.1875,2.0,2.0,0.0,322.191,NW,N,S
06-03-16_21:28:21:380,0.06227051,4.0667434,8.727451,0.08628642,0.07882957,0.007456851,14.8125,22.5625,3.1875,2.0,2.0,0.0,322.191,NW,N,S
06-03-16_21:28:21:382,0.5939649,3.9374123,9.486672,0.08628642,0.07882957,0.007456851,14.8125,22.5625,3.1875,2.0,2.0,0.0,322.885,NW,N,S
06-03-16_21:28:21:385,0.5340894,3.9445972,9.026829,0.08628642,0.07882957,0.007456851,14.8125,22.5625,3.1875,2.0,2.0,0.0,322.549,NW,N,S
06-03-16_21:28:21:415,0.5340894,3.9445972,9.026829,0.08628642,0.07882957,0.007456851,14.8125,22.5625,3.1875,3.0,2.0,0.0,322.549,NW,N,S
06-03-16_21:28:21:454,0.12693603,4.1553593,8.380174,0.08628642,0.07882957,0.007456851,14.8125,22.5625,3.1875,3.0,2.0,0.0,321.710,NW,N,S
06-03-16_21:28:21:456,0.55324954,4.047583,9.187295,0.08628642,0.07882957,0.007456851,14.8125,22.5625,3.1875,3.0,2.0,0.0,322.493,NW,N,S
06-03-16_21:28:21:535,0.55324954,4.047583,9.187295,0.08628642,0.07882957,0.007456851,14.4375,22.1875,2.4375,3.0,2.0,0.0,323.075,NW,N,W
06-03-16_21:28:21:537,0.55324954,4.047583,9.187295,-0.14168017,-0.036218993,0.060720075,14.4375,22.1875,2.4375,3.0,2.0,0.0,323.075,NW,N,W
06-03-16_21:28:21:538,0.2203418,3.9661524,8.586145,-0.14168017,-0.036218993,0.060720075,14.4375,22.1875,2.4375,3.0,2.0,0.0,322.850,NW,N,W
06-03-16_21:28:21:540,0.32332766,3.9924977,8.796907,-0.14168017,-0.036218993,0.060720075,14.4375,22.1875,2.4375,3.0,2.0,0.0,322.933,NW,N,W
06-03-16_21:28:21:616,0.7592212,3.8511915,8.969349,-0.14168017,-0.036218993,0.060720075,14.4375,22.1875,2.4375,3.0,2.0,0.0,323.213,NW,N,W
06-03-16_21:28:21:619,0.4526587,3.9541774,8.377779,-0.14168017,-0.036218993,0.060720075,14.4375,22.1875,2.4375,3.0,2.0,0.0,322.624,NW,N,W
06-03-16_21:28:21:692,0.4526587,3.9541774,8.377779,-0.14168017,-0.036218993,0.060720075,15.1875,23.3125,3.1875,3.0,2.0,0.0,322.275,NW,N,W
06-03-16_21:28:21:694,0.4526587,3.9541774,8.377779,-0.2428803,-0.1470065,0.070307456,15.1875,23.3125,3.1875,3.0,2.0,0.0,322.275,NW,N,W
06-03-16_21:28:21:696,0.33530274,3.8272414,8.452024,-0.2428803,-0.1470065,0.070307456,15.1875,23.3125,3.1875,3.0,2.0,0.0,322.593,NW,N,W
06-03-16_21:28:21:699,0.72569096,3.8320315,9.359736,-0.2428803,-0.1470065,0.070307456,15.1875,23.3125,3.1875,3.0,2.0,0.0,323.238,NW,N,W
06-03-16_21:28:21:770,0.366438,3.791316,9.376502,-0.2428803,-0.1470065,0.070307456,15.1875,23.3125,3.1875,3.0,2.0,0.0,323.309,NW,N,N
06-03-16_21:28:21:772,0.44307864,3.7122805,9.393267,-0.2428803,-0.1470065,0.070307456,15.1875,23.3125,3.1875,3.0,2.0,0.0,323.437,NW,N,N
06-03-16_21:28:21:850,0.44307864,3.7122805,9.393267,-0.2428803,-0.1470065,0.070307456,13.75,23.6875,2.4375,3.0,2.0,0.0,326.910,NW,N,N
06-03-16_21:28:21:852,0.44307864,3.7122805,9.393267,0.17470337,0.0053263223,-0.015978966,13.75,23.6875,2.4375,3.0,2.0,0.0,326.910,NW,N,N
06-03-16_21:28:21:855,0.76401126,3.7386258,9.19927,0.17470337,0.0053263223,-0.015978966,13.75,23.6875,2.4375,3.0,2.0,0.0,326.780,NW,N,N
06-03-16_21:28:21:857,0.47181886,3.7218604,8.406519,0.17470337,0.0053263223,-0.015978966,13.75,23.6875,2.4375,3.0,2.0,0.0,326.287,NW,N,N
06-03-16_21:28:21:930,0.25866213,3.7003052,8.138277,0.17470337,0.0053263223,-0.015978966,13.75,23.6875,2.4375,3.0,2.0,0.0,326.152,NW,N,N
06-03-16_21:28:21:933,0.7448511,3.999683,9.5633135,0.17470337,0.0053263223,-0.015978966,13.75,23.6875,2.4375,3.0,2.0,0.0,326.618,NW,N,N
06-03-16_21:28:22:008,0.7448511,3.999683,9.5633135,0.17470337,0.0053263223,-0.015978966,14.125,24.375,2.8125,3.0,2.0,0.0,326.563,NW,N,E
06-03-16_21:28:22:011,0.7448511,3.999683,9.5633135,-0.10439592,-0.027696876,-0.04580637,14.125,24.375,2.8125,3.0,2.0,0.0,326.563,NW,N,E
06-03-16_21:28:22:013,1.0178833,3.781736,8.770562,-0.10439592,-0.027696876,-0.04580637,14.125,24.375,2.8125,3.0,2.0,0.0,326.445,NW,N,E
06-03-16_21:28:22:015,0.6945557,3.7458107,9.491463,-0.10439592,-0.027696876,-0.04580637,14.125,24.375,2.8125,3.0,2.0,0.0,326.877,NW,N,E
06-03-16_21:28:22:087,0.6514453,3.6140847,9.0148535,-0.10439592,-0.027696876,-0.04580637,14.125,24.375,2.8125,3.0,2.0,0.0,326.792,NW,N,E
06-03-16_21:28:22:089,0.55324954,3.903882,8.076006,-0.10439592,-0.027696876,-0.04580637,14.125,24.375,2.8125,3.0,2.0,0.0,325.622,NW,N,E
06-03-16_21:28:22:166,0.55324954,3.903882,8.076006,-0.10439592,-0.027696876,-0.04580637,13.375,24.375,1.25,3.0,2.0,0.0,327.754,NW,N,E
06-03-16_21:28:22:169,0.55324954,3.903882,8.076006,-0.16937704,0.036218993,0.05539375,13.375,24.375,1.25,3.0,2.0,0.0,327.754,NW,N,E
06-03-16_21:28:22:170,0.6011499,3.7338357,8.0999565,-0.16937704,0.036218993,0.05539375,13.375,24.375,1.25,3.0,2.0,0.0,328.018,NW,N,E
06-03-16_21:28:22:172,0.69216067,3.8320315,9.457932,-0.16937704,0.036218993,0.05539375,13.375,24.375,1.25,3.0,2.0,0.0,328.674,NW,N,E
06-03-16_21:28:22:246,0.96040285,3.7338357,9.462723,-0.16937704,0.036218993,0.05539375,13.375,24.375,1.25,3.0,2.0,0.0,328.774,NW,N,E
06-03-16_21:28:22:248,0.74724615,3.6212697,9.086704,-0.16937704,0.036218993,0.05539375,13.375,24.375,1.25,3.0,2.0,0.0,328.739,NW,N,E
06-03-16_21:28:22:326,0.74724615,3.6212697,9.086704,-0.16937704,0.036218993,0.05539375,14.125,24.375,1.6875,3.0,2.0,0.0,327.171,NW,N,E
06-03-16_21:28:22:328,0.74724615,3.6212697,9.086704,0.21944448,-0.05539375,-0.03195793,14.125,24.375,1.6875,3.0,2.0,0.0,327.171,NW,N,E
06-03-16_21:28:22:331,0.6658155,3.4943337,9.364527,0.21944448,-0.05539375,-0.03195793,14.125,24.375,1.6875,3.0,2.0,0.0,327.475,NW,N,E
06-03-16_21:28:22:334,0.7065308,3.8104763,8.646021,0.21944448,-0.05539375,-0.03195793,14.125,24.375,1.6875,3.0,2.0,0.0,326.645,NW,N,E
06-03-16_21:28:22:405,0.8933423,3.9350173,8.54064,0.21944448,-0.05539375,-0.03195793,14.125,24.375,1.6875,3.0,2.0,0.0,326.359,NW,N,E
06-03-16_21:28:22:407,0.86939216,3.899092,8.717872,0.21944448,-0.05539375,-0.03195793,14.125,24.375,1.6875,3.0,2.0,0.0,326.543,NW,N,E
06-03-16_21:28:22:422,0.86939216,3.899092,8.717872,0.21944448,-0.05539375,-0.03195793,14.125,24.375,1.6875,2.0,2.0,0.0,326.543,NW,N,E
06-03-16_21:28:22:484,0.86939216,3.899092,8.717872,0.21944448,-0.05539375,-0.03195793,13.0,24.375,2.0625,2.0,2.0,0.0,328.665,NW,N,E
06-03-16_21:28:22:488,0.86939216,3.899092,8.717872,-0.07882957,-0.07137272,-0.14594123,13.0,24.375,2.0625,2.0,2.0,0.0,328.665,NW,N,E
06-03-16_21:28:22:490,0.9436377,3.8440065,8.722662,-0.07882957,-0.07137272,-0.14594123,13.0,24.375,2.0625,2.0,2.0,0.0,328.760,NW,N,E
06-03-16_21:28:22:493,0.76880133,3.9924977,8.954978,-0.07882957,-0.07137272,-0.14594123,13.0,24.375,2.0625,2.0,2.0,0.0,328.673,NW,N,E
06-03-16_21:28:22:561,0.7807764,3.8703518,8.978929,-0.07882957,-0.07137272,-0.14594123,13.0,24.375,2.0625,2.0,3.0000000000000004,0.0,328.863,NW,N,E
06-03-16_21:28:22:563,0.9244776,3.7985013,8.820857,-0.07882957,-0.07137272,-0.14594123,13.0,24.375,2.0625,2.0,3.0000000000000004,0.0,328.887,NW,N,E
06-03-16_21:28:22:643,0.9244776,3.7985013,8.820857,-0.07882957,-0.07137272,-0.14594123,12.625,24.375,1.6875,2.0,3.0000000000000004,0.0,329.749,NW,N,E
06-03-16_21:28:22:646,0.9244776,3.7985013,8.820857,-0.16085494,-0.06391586,-0.16192019,12.625,24.375,1.6875,2.0,3.0000000000000004,0.0,329.749,NW,N,E
06-03-16_21:28:22:648,0.57959473,3.8008962,8.909473,-0.16085494,-0.06391586,-0.16192019,12.625,24.375,1.6875,2.0,3.0000000000000004,0.0,329.787,NW,N,E
06-03-16_21:28:22:650,0.40954837,3.6859353,8.344249,-0.16085494,-0.06391586,-0.16192019,12.625,24.375,1.6875,2.0,3.0000000000000004,0.0,329.622,NW,N,E
06-03-16_21:28:22:720,1.2022998,3.6548,8.966953,-0.16085494,-0.06391586,-0.16192019,12.625,24.375,1.6875,2.0,3.0000000000000004,0.0,330.071,NW,N,E
06-03-16_21:28:22:721,0.9388477,3.4057178,9.683064,-0.16085494,-0.06391586,-0.16192019,12.625,24.375,1.6875,2.0,3.0000000000000004,0.0,330.640,NW,N,E
06-03-16_21:28:22:800,0.9388477,3.4057178,9.683064,-0.16085494,-0.06391586,-0.16192019,14.125,26.1875,2.4375,2.0,3.0000000000000004,0.0,329.496,NW,N,E
06-03-16_21:28:22:802,0.9388477,3.4057178,9.683064,0.08841695,-0.12357068,-0.11504856,14.125,26.1875,2.4375,2.0,3.0000000000000004,0.0,329.496,NW,N,E
06-03-16_21:28:22:804,0.12693603,3.4416432,9.275911,0.08841695,-0.12357068,-0.11504856,14.125,26.1875,2.4375,2.0,3.0000000000000004,0.0,329.201,NW,N,E
06-03-16_21:28:22:805,0.6682105,3.415298,8.856783,0.08841695,-0.12357068,-0.11504856,14.125,26.1875,2.4375,2.0,3.0000000000000004,0.0,329.058,NW,N,E
06-03-16_21:28:22:878,1.1903248,3.7098854,8.408914,0.08841695,-0.12357068,-0.11504856,14.125,26.1875,2.4375,2.0,3.0000000000000004,0.0,328.470,NW,N,E
06-03-16_21:28:22:882,0.366438,3.558999,8.59333,0.08841695,-0.12357068,-0.11504856,14.125,26.1875,2.4375,2.0,3.0000000000000004,0.0,328.697,NW,N,E
06-03-16_21:28:22:957,0.366438,3.558999,8.59333,0.08841695,-0.12357068,-0.11504856,14.125,26.5625,0.875,2.0,3.0000000000000004,0.0,329.589,NW,N,E
06-03-16_21:28:22:959,0.366438,3.558999,8.59333,-0.2972088,-0.20133498,-0.16085494,14.125,26.5625,0.875,2.0,3.0000000000000004,0.0,329.589,NW,N,E
06-03-16_21:28:22:961,0.3065625,3.173401,9.24717,-0.2972088,-0.20133498,-0.16085494,14.125,26.5625,0.875,2.0,3.0000000000000004,0.0,330.291,NW,N,E
06-03-16_21:28:22:964,0.7065308,3.3290772,9.599238,-0.2972088,-0.20133498,-0.16085494,14.125,26.5625,0.875,2.0,3.0000000000000004,0.0,330.194,NW,N,E
06-03-16_21:28:23:016,0.7065308,3.3290772,9.599238,-0.2972088,-0.20133498,-0.16085494,14.125,26.5625,0.875,3.0,3.0000000000000004,0.0,330.194,NW,N,E
06-03-16_21:28:23:036,0.77359134,3.2644117,9.335787,-0.2972088,-0.20133498,-0.16085494,14.125,26.5625,0.875,3.0,3.0000000000000004,0.0,330.159,NW,N,E
06-03-16_21:28:23:040,0.33769777,3.168611,9.445957,-0.2972088,-0.20133498,-0.16085494,14.125,26.5625,0.875,3.0,3.0000000000000004,0.0,330.353,NW,N,E
06-03-16_21:28:23:115,0.33769777,3.168611,9.445957,-0.2972088,-0.20133498,-0.16085494,13.375,30.5625,1.25,3.0,3.0000000000000004,0.0,334.892,NW,N,E
06-03-16_21:28:23:118,0.33769777,3.168611,9.445957,-0.10439592,-0.14061491,-0.13422333,13.375,30.5625,1.25,3.0,3.0000000000000004,0.0,334.892,NW,N,E
06-03-16_21:28:23:123,0.855022,3.527864,9.1130495,-0.10439592,-0.14061491,-0.13422333,13.375,30.5625,1.25,3.0,3.0000000000000004,0.0,334.457,NW,N,E
06-03-16_21:28:23:126,1.089734,3.7003052,8.401729,-0.10439592,-0.14061491,-0.13422333,13.375,30.5625,1.25,3.0,3.0000000000000004,0.0,333.964,NW,N,E
06-03-16_21:28:23:202,0.8262818,3.2404616,9.618399,-0.10439592,-0.14061491,-0.13422333,13.375,30.5625,1.25,3.0,3.0000000000000004,0.0,334.895,NW,N,E
06-03-16_21:28:23:207,0.9316626,3.4991236,9.266331,-0.10439592,-0.14061491,-0.13422333,13.375,30.5625,1.25,3.0,3.0000000000000004,0.0,334.551,NW,N,E
06-03-16_21:28:23:273,0.9316626,3.4991236,9.266331,-0.10439592,-0.14061491,-0.13422333,14.125,29.4375,0.125,3.0,3.0000000000000004,0.0,332.537,NW,N,E
06-03-16_21:28:23:275,0.9316626,3.4991236,9.266331,-0.17044231,0.056459017,-0.5368933,14.125,29.4375,0.125,3.0,3.0000000000000004,0.0,332.537,NW,N,E
06-03-16_21:28:23:276,1.0873389,3.5901344,8.938213,-0.17044231,0.056459017,-0.5368933,14.125,29.4375,0.125,3.0,3.0000000000000004,0.0,332.289,NW,N,E
06-03-16_21:28:23:278,0.5508545,3.3266823,9.295072,-0.17044231,0.056459017,-0.5368933,14.125,29.4375,0.125,3.0,3.0000000000000004,0.0,332.780,NW,N,E
06-03-16_21:28:23:352,0.019160157,3.0009596,9.445957,-0.17044231,0.056459017,-0.5368933,14.125,29.4375,0.125,3.0,3.0000000000000004,0.0,333.239,NW,N,E
06-03-16_21:28:23:355,-0.19160157,2.6273365,9.17053,-0.17044231,0.056459017,-0.5368933,14.125,29.4375,0.125,3.0,3.0000000000000004,0.0,333.514,NW,N,E
06-03-16_21:28:23:415,-0.19160157,2.6273365,9.17053,-0.17044231,0.056459017,-0.5368933,14.125,29.4375,0.125,2.0,3.0000000000000004,0.0,333.514,NW,N,E
06-03-16_21:28:23:431,-0.19160157,2.6273365,9.17053,-0.17044231,0.056459017,-0.5368933,13.0,30.5625,0.875,2.0,3.0000000000000004,0.0,335.987,NW,N,E
06-03-16_21:28:23:434,-0.19160157,2.6273365,9.17053,0.165116,0.049002163,0.14487597,13.0,30.5625,0.875,2.0,3.0000000000000004,0.0,335.987,NW,N,E
06-03-16_21:28:23:435,-0.60594,2.9794044,9.053174,0.165116,0.049002163,0.14487597,13.0,30.5625,0.875,2.0,3.0000000000000004,0.0,335.832,NW,N,E
06-03-16_21:28:23:442,0.019160157,3.0919704,8.744217,0.165116,0.049002163,0.14487597,13.0,30.5625,0.875,2.0,3.0000000000000004,0.0,335.493,NW,N,E
06-03-16_21:28:23:511,0.22992188,3.3793726,8.648416,0.165116,0.049002163,0.14487597,13.0,30.5625,0.875,2.0,3.0000000000000004,0.0,335.161,NW,N,E
06-03-16_21:28:23:513,0.21315674,3.3841627,9.187295,0.165116,0.049002163,0.14487597,13.0,30.5625,0.875,2.0,3.0000000000000004,0.0,335.347,NW,N,E
06-03-16_21:28:23:594,0.21315674,3.3841627,9.187295,0.165116,0.049002163,0.14487597,13.75,30.1875,2.0625,2.0,3.0000000000000004,0.0,333.525,NW,N,E
06-03-16_21:28:23:597,0.21315674,3.3841627,9.187295,-0.041545313,0.037284255,-0.08948222,13.75,30.1875,2.0625,2.0,3.0000000000000004,0.0,333.525,NW,N,E
06-03-16_21:28:23:598,0.16525635,3.4871485,9.182506,-0.041545313,0.037284255,-0.08948222,13.75,30.1875,2.0625,2.0,3.0000000000000004,0.0,333.419,NW,N,E
06-03-16_21:28:23:600,0.1101709,3.4631984,9.093889,-0.041545313,0.037284255,-0.08948222,13.75,30.1875,2.0625,2.0,3.0000000000000004,0.0,333.410,NW,N,E
06-03-16_21:28:23:668,-0.07185059,3.3721876,8.933423,-0.041545313,0.037284255,-0.08948222,13.75,30.1875,2.0625,2.0,3.0000000000000004,0.0,333.452,NW,N,E
06-03-16_21:28:23:675,-0.43589357,3.3650026,8.813672,-0.041545313,0.037284255,-0.08948222,13.75,30.1875,2.0625,2.0,3.0000000000000004,0.0,333.471,NW,N,E
06-03-16_21:28:23:748,-0.43589357,3.3650026,8.813672,-0.041545313,0.037284255,-0.08948222,14.125,29.8125,2.4375,2.0,3.0000000000000004,0.0,332.418,NW,N,E
06-03-16_21:28:23:750,-0.43589357,3.3650026,8.813672,0.13848437,0.60080916,0.13422333,14.125,29.8125,2.4375,2.0,3.0000000000000004,0.0,332.418,NW,N,E
06-03-16_21:28:23:753,0.08861572,3.4464333,8.8951025,0.13848437,0.60080916,0.13422333,14.125,29.8125,2.4375,2.0,3.0000000000000004,0.0,332.310,NW,N,E
06-03-16_21:28:23:755,-0.17723145,3.5733693,8.679551,0.13848437,0.60080916,0.13422333,14.125,29.8125,2.4375,2.0,3.0000000000000004,0.0,332.086,NW,N,E
06-03-16_21:28:23:815,-0.17723145,3.5733693,8.679551,0.13848437,0.60080916,0.13422333,14.125,29.8125,2.4375,2.0,3.0000000000000004,0.0,332.086,NW,N,E
06-03-16_21:28:23:827,-1.0825489,3.4560134,9.711804,0.13848437,0.60080916,0.13422333,14.125,29.8125,2.4375,2.0,3.0000000000000004,0.0,332.783,NW,N,E
06-03-16_21:28:23:830,-1.5615528,4.0691385,8.763377,0.13848437,0.60080916,0.13422333,14.125,29.8125,2.4375,2.0,3.0000000000000004,0.0,332.165,NW,N,E
06-03-16_21:28:23:906,-1.5615528,4.0691385,8.763377,0.13848437,0.60080916,0.13422333,16.25,28.75,3.5625,2.0,3.0000000000000004,0.0,327.281,NW,N,E
06-03-16_21:28:23:908,-1.5615528,4.0691385,8.763377,0.0777643,0.007456851,0.1949434,16.25,28.75,3.5625,2.0,3.0000000000000004,0.0,327.281,NW,N,E
06-03-16_21:28:23:910,-0.035925295,4.0020776,8.626861,0.0777643,0.007456851,0.1949434,16.25,28.75,3.5625,2.0,3.0000000000000004,0.0,326.539,NW,N,E
06-03-16_21:28:23:911,0.6706055,4.030818,9.2256155,0.0777643,0.007456851,0.1949434,16.25,28.75,3.5625,2.0,3.0000000000000004,0.0,326.901,NW,N,E
06-03-16_21:28:23:985,-0.3281177,4.0787187,8.669971,0.0777643,0.007456851,0.1949434,16.25,28.75,3.5625,2.0,3.0000000000000004,0.0,326.530,NW,N,E
06-03-16_21:28:23:995,-0.38320315,3.9853127,8.598121,0.0777643,0.007456851,0.1949434,16.25,28.75,3.5625,2.0,3.0000000000000004,0.0,326.639,NW,N,E
