14-02-16_12:18:19,el X,el Y,el Z,o X,o Y,o Z,net X,net Y,net Z,0.0
14-02-16_12:18:19,el X,el Y,el Z,o X,o Y,o Z,7.499543,-20.832064,12.3325815,0.0
14-02-16_12:18:19,el X,el Y,el Z,o X,o Y,o Z,7.499543,-20.832064,12.3325815,2.0
14-02-16_12:18:19,el X,el Y,el Z,0.03843554,-0.16049647,0.117057115,7.499543,-20.832064,12.3325815,2.0
14-02-16_12:18:19,0.027533319,2.349909,8.856153,0.03843554,-0.16049647,0.117057115,7.499543,-20.832064,12.3325815,2.0
14-02-16_12:18:20,0.027533319,2.349909,8.856153,0.03843554,-0.16049647,0.117057115,7.4335604,-20.790825,12.406813,2.0
14-02-16_12:18:20,0.027533319,2.349909,8.856153,0.15881042,-0.008163654,0.3120005,7.4335604,-20.790825,12.406813,2.0
14-02-16_12:18:20,-0.06584055,1.543063,14.979323,0.15881042,-0.008163654,0.3120005,7.4335604,-20.790825,12.406813,2.0
14-02-16_12:18:20,-0.06584055,1.543063,14.979323,0.15881042,-0.008163654,0.3120005,7.4335604,-20.790825,12.406813,0.0
14-02-16_12:18:20,-0.06584055,1.543063,14.979323,0.15881042,-0.008163654,0.3120005,7.167675,-20.672071,12.707996,0.0
14-02-16_12:18:20,-0.06584055,1.543063,14.979323,0.15881042,-0.008163654,0.3120005,7.167675,-20.672071,12.707996,2.0
14-02-16_12:18:20,-0.06584055,1.543063,14.979323,-0.21083634,0.020598486,0.0062696137,7.167675,-20.672071,12.707996,2.0
14-02-16_12:18:20,-0.29328972,2.420538,8.706514,-0.21083634,0.020598486,0.0062696137,7.167675,-20.672071,12.707996,2.0
14-02-16_12:18:20,-0.29328972,2.420538,8.706514,-0.21083634,0.020598486,0.0062696137,7.167675,-20.672071,12.707996,0.0
14-02-16_12:18:20,-0.29328972,2.420538,8.706514,-0.21083634,0.020598486,0.0062696137,6.6280127,-20.506813,13.297134,0.0
14-02-16_12:18:20,-0.29328972,2.420538,8.706514,0.069873355,-0.0893922,-0.12279116,6.6280127,-20.506813,13.297134,0.0
14-02-16_12:18:20,-0.2861071,2.256535,8.334216,0.069873355,-0.0893922,-0.12279116,6.6280127,-20.506813,13.297134,0.0
14-02-16_12:18:20,-0.2861071,2.256535,8.334216,0.069873355,-0.0893922,-0.12279116,5.9654546,-20.302574,14.022643,0.0
14-02-16_12:18:20,-0.2861071,2.256535,8.334216,0.35429895,-0.032933183,-0.55209273,5.9654546,-20.302574,14.022643,0.0
14-02-16_12:18:20,-0.5781997,2.754529,11.829751,0.35429895,-0.032933183,-0.55209273,5.9654546,-20.302574,14.022643,0.0
14-02-16_12:18:20,-0.5781997,2.754529,11.829751,0.35429895,-0.032933183,-0.55209273,5.474336,-20.318098,14.826366,0.0
14-02-16_12:18:20,-0.5781997,2.754529,11.829751,-0.6491801,-0.1788744,-0.19842494,5.474336,-20.318098,14.826366,0.0
14-02-16_12:18:20,0.23942018,2.3558946,9.700109,-0.6491801,-0.1788744,-0.19842494,5.474336,-20.318098,14.826366,0.0
14-02-16_12:18:21,0.23942018,2.3558946,9.700109,-0.6491801,-0.1788744,-0.19842494,5.319026,-20.889135,15.838253,0.0
14-02-16_12:18:21,0.23942018,2.3558946,9.700109,0.6141396,0.25597265,0.5750846,5.319026,-20.889135,15.838253,0.0
14-02-16_12:18:21,0.6548142,1.5071499,9.01417,0.6141396,0.25597265,0.5750846,5.319026,-20.889135,15.838253,0.0
14-02-16_12:18:21,0.6548142,1.5071499,9.01417,0.6141396,0.25597265,0.5750846,5.495054,-21.802137,16.947191,0.0
14-02-16_12:18:21,0.6548142,1.5071499,9.01417,-0.29879203,-0.071063526,0.037126064,5.495054,-21.802137,16.947191,0.0
14-02-16_12:18:21,0.29568392,0.90381116,13.514071,-0.29879203,-0.071063526,0.037126064,5.495054,-21.802137,16.947191,0.0
14-02-16_12:18:21,0.29568392,0.90381116,13.514071,-0.29879203,-0.071063526,0.037126064,5.777983,-22.714222,18.02317,0.0
14-02-16_12:18:21,0.29568392,0.90381116,13.514071,-0.6077187,-0.19996051,-0.19936264,5.777983,-22.714222,18.02317,0.0
14-02-16_12:18:21,-1.0271125,1.8770541,8.553286,-0.6077187,-0.19996051,-0.19936264,5.777983,-22.714222,18.02317,0.0
14-02-16_12:18:21,-1.0271125,1.8770541,8.553286,-0.6077187,-0.19996051,-0.19936264,5.8085256,-23.321589,19.05186,0.0
14-02-16_12:18:21,-1.0271125,1.8770541,8.553286,0.39463758,-0.031498272,-0.13003257,5.8085256,-23.321589,19.05186,0.0
14-02-16_12:18:21,-0.18674773,1.685518,11.179725,0.39463758,-0.031498272,-0.13003257,5.8085256,-23.321589,19.05186,0.0
14-02-16_12:18:21,-0.18674773,1.685518,11.179725,0.39463758,-0.031498272,-0.13003257,5.2753487,-23.35802,19.99454,0.0
14-02-16_12:18:21,-0.18674773,1.685518,11.179725,-0.33719906,0.15279247,-0.044811413,5.2753487,-23.35802,19.99454,0.0
14-02-16_12:18:21,1.7896658,1.3383588,14.158112,-0.33719906,0.15279247,-0.044811413,5.2753487,-23.35802,19.99454,0.0
14-02-16_12:18:22,1.7896658,1.3383588,14.158112,-0.33719906,0.15279247,-0.044811413,4.2650743,-23.114573,20.808498,0.0
14-02-16_12:18:22,1.7896658,1.3383588,14.158112,0.424465,0.4009991,0.38129437,4.2650743,-23.114573,20.808498,0.0
14-02-16_12:18:22,-0.21428105,1.851915,5.4551888,0.424465,0.4009991,0.38129437,4.2650743,-23.114573,20.808498,0.0
14-02-16_12:18:22,-0.21428105,1.851915,5.4551888,0.424465,0.4009991,0.38129437,3.2764225,-22.868124,21.25964,0.0
14-02-16_12:18:22,-0.21428105,1.851915,5.4551888,0.2337398,-0.06973487,0.24500602,3.2764225,-22.868124,21.25964,0.0
14-02-16_12:18:22,-0.15442601,0.44891283,16.063896,0.2337398,-0.06973487,0.24500602,3.2764225,-22.868124,21.25964,0.0
14-02-16_12:18:22,-0.15442601,0.44891283,16.063896,0.2337398,-0.06973487,0.24500602,3.2764225,-22.868124,21.25964,2.0
14-02-16_12:18:22,-0.15442601,0.44891283,16.063896,0.2337398,-0.06973487,0.24500602,2.6670153,-22.553558,21.233747,2.0
14-02-16_12:18:22,-0.15442601,0.44891283,16.063896,0.2337398,-0.06973487,0.24500602,2.6670153,-22.553558,21.233747,0.0
14-02-16_12:18:22,-0.15442601,0.44891283,16.063896,-0.7750656,-0.4276637,-0.33023676,2.6670153,-22.553558,21.233747,0.0
14-02-16_12:18:22,-0.59376204,2.3092074,8.146272,-0.7750656,-0.4276637,-0.33023676,2.6670153,-22.553558,21.233747,0.0
14-02-16_12:18:22,-0.59376204,2.3092074,8.146272,-0.7750656,-0.4276637,-0.33023676,2.3511224,-22.112028,20.93567,0.0
14-02-16_12:18:22,-0.59376204,2.3092074,8.146272,0.17301972,0.22853917,0.0031909996,2.3511224,-22.112028,20.93567,0.0
14-02-16_12:18:22,-0.37349546,0.94810385,8.157045,0.17301972,0.22853917,0.0031909996,2.3511224,-22.112028,20.93567,0.0
14-02-16_12:18:22,-0.37349546,0.94810385,8.157045,0.17301972,0.22853917,0.0031909996,2.0317483,-21.251877,20.459383,0.0
14-02-16_12:18:22,-0.37349546,0.94810385,8.157045,0.043035883,0.12526497,-1.072693,2.0317483,-21.251877,20.459383,0.0
14-02-16_12:18:22,-3.6260185,1.2270284,14.917073,0.043035883,0.12526497,-1.072693,2.0317483,-21.251877,20.459383,0.0
14-02-16_12:18:23,-3.6260185,1.2270284,14.917073,0.043035883,0.12526497,-1.072693,2.1038475,-20.180624,19.621119,0.0
14-02-16_12:18:23,-3.6260185,1.2270284,14.917073,-0.55883855,0.04643541,0.42506874,2.1038475,-20.180624,19.621119,0.0
14-02-16_12:18:23,-1.5179238,1.6531962,6.6510925,-0.55883855,0.04643541,0.42506874,2.1038475,-20.180624,19.621119,0.0
14-02-16_12:18:23,-1.5179238,1.6531962,6.6510925,-0.55883855,0.04643541,0.42506874,3.222908,-19.327833,18.256308,0.0
14-02-16_12:18:23,-1.5179238,1.6531962,6.6510925,0.90590006,0.11035127,0.9630273,3.222908,-19.327833,18.256308,0.0
14-02-16_12:18:23,0.94331545,-0.62608373,11.611878,0.90590006,0.11035127,0.9630273,3.222908,-19.327833,18.256308,0.0
14-02-16_12:18:23,0.94331545,-0.62608373,11.611878,0.90590006,0.11035127,0.9630273,5.2472944,-18.41004,16.547293,0.0
14-02-16_12:18:23,0.94331545,-0.62608373,11.611878,-0.7463442,-0.14206633,-0.2918252,5.2472944,-18.41004,16.547293,0.0
14-02-16_12:18:23,-0.94092125,1.6759412,8.802282,-0.7463442,-0.14206633,-0.2918252,5.2472944,-18.41004,16.547293,0.0
14-02-16_12:18:23,-0.94092125,1.6759412,8.802282,-0.7463442,-0.14206633,-0.2918252,7.443524,-17.444939,15.028704,0.0
14-02-16_12:18:23,-0.94092125,1.6759412,8.802282,-0.1636446,-0.46164566,-0.024443824,7.443524,-17.444939,15.028704,0.0
14-02-16_12:18:23,-0.9768343,0.91458505,9.065644,-0.1636446,-0.46164566,-0.024443824,7.443524,-17.444939,15.028704,0.0
14-02-16_12:18:23,-0.9768343,0.91458505,9.065644,-0.1636446,-0.46164566,-0.024443824,9.113854,-16.351374,14.008899,0.0
14-02-16_12:18:23,-0.9768343,0.91458505,9.065644,0.821725,0.2403636,-1.0641419,9.113854,-16.351374,14.008899,0.0
14-02-16_12:18:23,-1.2138603,1.5167267,14.263456,0.821725,0.2403636,-1.0641419,9.113854,-16.351374,14.008899,0.0
14-02-16_12:18:24,-1.2138603,1.5167267,14.263456,0.821725,0.2403636,-1.0641419,10.28484,-15.066527,13.396201,0.0
14-02-16_12:18:24,-1.2138603,1.5167267,14.263456,-0.56632173,0.15835714,-0.63909024,10.28484,-15.066527,13.396201,0.0
14-02-16_12:18:24,-1.6208745,1.5837644,9.922769,-0.56632173,0.15835714,-0.63909024,10.28484,-15.066527,13.396201,0.0
14-02-16_12:18:24,-1.6208745,1.5837644,9.922769,-0.56632173,0.15835714,-0.63909024,11.455658,-14.307578,13.132213,0.0
14-02-16_12:18:24,-1.6208745,1.5837644,9.922769,1.1231877,0.40123743,0.47517636,11.455658,-14.307578,13.132213,0.0
14-02-16_12:18:24,-1.1073183,1.9548657,5.0601454,1.1231877,0.40123743,0.47517636,11.455658,-14.307578,13.132213,0.0
14-02-16_12:18:24,-1.1073183,1.9548657,5.0601454,1.1231877,0.40123743,0.47517636,13.227653,-14.378924,13.11177,0.0
14-02-16_12:18:24,-1.1073183,1.9548657,5.0601454,1.1231877,0.40123743,0.47517636,13.227653,-14.378924,13.11177,2.0
14-02-16_12:18:24,-1.1073183,1.9548657,5.0601454,-0.18282653,-0.43499514,0.18329392,13.227653,-14.378924,13.11177,2.0
14-02-16_12:18:24,1.4137762,0.30645782,17.125725,-0.18282653,-0.43499514,0.18329392,13.227653,-14.378924,13.11177,2.0
14-02-16_12:18:24,1.4137762,0.30645782,17.125725,-0.18282653,-0.43499514,0.18329392,13.227653,-14.378924,13.11177,0.0
14-02-16_12:18:24,1.4137762,0.30645782,17.125725,-0.18282653,-0.43499514,0.18329392,15.917473,-15.45952,13.343654,0.0
14-02-16_12:18:24,1.4137762,0.30645782,17.125725,-0.98817843,-0.08449198,-0.11283147,15.917473,-15.45952,13.343654,0.0
14-02-16_12:18:24,-1.8890251,3.8642416,8.445546,-0.98817843,-0.08449198,-0.11283147,15.917473,-15.45952,13.343654,0.0
14-02-16_12:18:24,-1.8890251,3.8642416,8.445546,-0.98817843,-0.08449198,-0.11283147,18.694614,-17.2371,13.856338,0.0
14-02-16_12:18:24,-1.8890251,3.8642416,8.445546,0.60865295,-0.44561663,-0.5666341,18.694614,-17.2371,13.856338,0.0
14-02-16_12:18:24,-1.6220716,0.48961425,7.801506,0.60865295,-0.44561663,-0.5666341,18.694614,-17.2371,13.856338,0.0
14-02-16_12:18:25,-1.6220716,0.48961425,7.801506,0.60865295,-0.44561663,-0.5666341,20.12242,-18.43481,14.335658,0.0
14-02-16_12:18:25,-1.6220716,0.48961425,7.801506,0.15591556,0.07316715,-0.5847436,20.12242,-18.43481,14.335658,0.0
14-02-16_12:18:25,-2.517503,0.7386112,17.836803,0.15591556,0.07316715,-0.5847436,20.12242,-18.43481,14.335658,0.0
14-02-16_12:18:25,-2.517503,0.7386112,17.836803,0.15591556,0.07316715,-0.5847436,19.938578,-19.110237,14.6051855,0.0
14-02-16_12:18:25,-2.517503,0.7386112,17.836803,-0.30108768,0.8114079,1.31463,19.938578,-19.110237,14.6051855,0.0
14-02-16_12:18:25,-0.021547815,3.3782187,6.3985043,-0.30108768,0.8114079,1.31463,19.938578,-19.110237,14.6051855,0.0
14-02-16_12:18:25,-0.021547815,3.3782187,6.3985043,-0.30108768,0.8114079,1.31463,19.037909,-19.781916,14.440734,0.0
14-02-16_12:18:25,-0.021547815,3.3782187,6.3985043,1.0858866,0.33523473,0.28771514,19.037909,-19.781916,14.440734,0.0
14-02-16_12:18:25,-0.7781156,1.5610195,7.3166804,1.0858866,0.33523473,0.28771514,19.037909,-19.781916,14.440734,0.0
14-02-16_12:18:25,-0.7781156,1.5610195,7.3166804,1.0858866,0.33523473,0.28771514,18.278357,-20.096148,13.540721,0.0
14-02-16_12:18:25,-0.7781156,1.5610195,7.3166804,1.0858866,0.33523473,0.28771514,18.278357,-20.096148,13.540721,2.0
14-02-16_12:18:25,-0.7781156,1.5610195,7.3166804,-0.34050244,-0.7236381,-0.51869005,18.278357,-20.096148,13.540721,2.0
14-02-16_12:18:25,-0.60693014,2.3307555,15.267824,-0.34050244,-0.7236381,-0.51869005,18.278357,-20.096148,13.540721,2.0
14-02-16_12:18:25,-0.60693014,2.3307555,15.267824,-0.34050244,-0.7236381,-0.51869005,18.278357,-20.096148,13.540721,6.0
14-02-16_12:18:25,-0.60693014,2.3307555,15.267824,-0.34050244,-0.7236381,-0.51869005,18.20669,-20.589851,12.26138,6.0
14-02-16_12:18:25,-0.60693014,2.3307555,15.267824,-0.34050244,-0.7236381,-0.51869005,18.20669,-20.589851,12.26138,4.0
14-02-16_12:18:25,-0.60693014,2.3307555,15.267824,-0.16154282,-0.1675573,-0.9106999,18.20669,-20.589851,12.26138,4.0
14-02-16_12:18:25,2.1775265,-0.700304,11.070788,-0.16154282,-0.1675573,-0.9106999,18.20669,-20.589851,12.26138,4.0
14-02-16_12:18:25,2.1775265,-0.700304,11.070788,-0.16154282,-0.1675573,-0.9106999,18.20669,-20.589851,12.26138,0.0
14-02-16_12:18:26,2.1775265,-0.700304,11.070788,-0.16154282,-0.1675573,-0.9106999,18.560217,-21.525167,11.103621,0.0
14-02-16_12:18:26,2.1775265,-0.700304,11.070788,0.4935948,-0.57448834,-2.6950178,18.560217,-21.525167,11.103621,0.0
14-02-16_12:18:26,-1.2294226,-0.20590134,11.410766,0.4935948,-0.57448834,-2.6950178,18.560217,-21.525167,11.103621,0.0
14-02-16_12:18:26,-1.2294226,-0.20590134,11.410766,0.4935948,-0.57448834,-2.6950178,19.005587,-22.55222,10.323841,0.0
14-02-16_12:18:26,-1.2294226,-0.20590134,11.410766,-0.3085493,-0.65757895,-2.8910265,19.005587,-22.55222,10.323841,0.0
14-02-16_12:18:26,-0.19871874,0.07182605,9.36492,-0.3085493,-0.65757895,-2.8910265,19.005587,-22.55222,10.323841,0.0
14-02-16_12:18:26,-0.19871874,0.07182605,9.36492,-0.3085493,-0.65757895,-2.8910265,19.005587,-22.55222,10.323841,2.0
14-02-16_12:18:26,-0.19871874,0.07182605,9.36492,-0.3085493,-0.65757895,-2.8910265,20.181952,-23.91464,10.109889,2.0
14-02-16_12:18:26,-0.19871874,0.07182605,9.36492,-0.3085493,-0.65757895,-2.8910265,20.181952,-23.91464,10.109889,0.0
14-02-16_12:18:26,-0.19871874,0.07182605,9.36492,-0.10616106,-0.602154,-2.8420062,20.181952,-23.91464,10.109889,0.0
14-02-16_12:18:26,-1.4413095,1.3227965,9.883265,-0.10616106,-0.602154,-2.8420062,20.181952,-23.91464,10.109889,0.0
14-02-16_12:18:26,-1.4413095,1.3227965,9.883265,-0.10616106,-0.602154,-2.8420062,20.181952,-23.91464,10.109889,2.0
14-02-16_12:18:26,-1.4413095,1.3227965,9.883265,-0.10616106,-0.602154,-2.8420062,23.041647,-25.142782,10.282754,2.0
14-02-16_12:18:26,-1.4413095,1.3227965,9.883265,-0.36715084,-0.5680656,-2.1421275,23.041647,-25.142782,10.282754,2.0
14-02-16_12:18:26,-2.6431987,0.22266077,14.85243,-0.36715084,-0.5680656,-2.1421275,23.041647,-25.142782,10.282754,2.0
14-02-16_12:18:26,-2.6431987,0.22266077,14.85243,-0.36715084,-0.5680656,-2.1421275,23.041647,-25.142782,10.282754,4.0
14-02-16_12:18:26,-2.6431987,0.22266077,14.85243,-0.36715084,-0.5680656,-2.1421275,27.55781,-25.065685,10.4989195,4.0
14-02-16_12:18:26,-2.6431987,0.22266077,14.85243,-0.36715084,-0.5680656,-2.1421275,27.55781,-25.065685,10.4989195,6.0
14-02-16_12:18:26,-2.6431987,0.22266077,14.85243,0.22726671,0.27881965,-0.6251909,27.55781,-25.065685,10.4989195,6.0
14-02-16_12:18:26,-1.6101006,2.1619642,8.463503,0.22726671,0.27881965,-0.6251909,27.55781,-25.065685,10.4989195,6.0
14-02-16_12:18:26,-1.6101006,2.1619642,8.463503,0.22726671,0.27881965,-0.6251909,27.55781,-25.065685,10.4989195,12.0
14-02-16_12:18:27,-1.6101006,2.1619642,8.463503,0.22726671,0.27881965,-0.6251909,32.465942,-23.201038,10.659979,12.0
14-02-16_12:18:27,-1.6101006,2.1619642,8.463503,0.22726671,0.27881965,-0.6251909,32.465942,-23.201038,10.659979,38.0
14-02-16_12:18:27,-1.6101006,2.1619642,8.463503,0.43925193,0.2649776,-0.44302696,32.465942,-23.201038,10.659979,38.0
14-02-16_12:18:27,-0.34356794,1.7441759,11.500547,0.43925193,0.2649776,-0.44302696,32.465942,-23.201038,10.659979,38.0
14-02-16_12:18:27,-0.34356794,1.7441759,11.500547,0.43925193,0.2649776,-0.44302696,32.465942,-23.201038,10.659979,52.0
14-02-16_12:18:27,-0.34356794,1.7441759,11.500547,0.43925193,0.2649776,-0.44302696,36.77936,-20.307442,11.158734,52.0
14-02-16_12:18:27,-0.34356794,1.7441759,11.500547,0.43925193,0.2649776,-0.44302696,36.77936,-20.307442,11.158734,50.0
14-02-16_12:18:27,-0.34356794,1.7441759,11.500547,-0.23186466,-0.51692647,-0.40148166,36.77936,-20.307442,11.158734,50.0
14-02-16_12:18:27,3.1603463,-0.31603462,12.641385,-0.23186466,-0.51692647,-0.40148166,36.77936,-20.307442,11.158734,50.0
14-02-16_12:18:27,3.1603463,-0.31603462,12.641385,-0.23186466,-0.51692647,-0.40148166,36.77936,-20.307442,11.158734,26.0
14-02-16_12:18:27,3.1603463,-0.31603462,12.641385,-0.23186466,-0.51692647,-0.40148166,40.218792,-17.561222,12.46234,26.0
14-02-16_12:18:27,3.1603463,-0.31603462,12.641385,-0.23186466,-0.51692647,-0.40148166,40.218792,-17.561222,12.46234,18.0
14-02-16_12:18:27,3.1603463,-0.31603462,12.641385,-0.9732887,-0.29535148,-1.6659505,40.218792,-17.561222,12.46234,18.0
14-02-16_12:18:27,-1.0151415,0.4213795,7.074866,-0.9732887,-0.29535148,-1.6659505,40.218792,-17.561222,12.46234,18.0
14-02-16_12:18:27,-1.0151415,0.4213795,7.074866,-0.9732887,-0.29535148,-1.6659505,40.218792,-17.561222,12.46234,4.0
14-02-16_12:18:27,-1.0151415,0.4213795,7.074866,-0.9732887,-0.29535148,-1.6659505,42.427982,-14.843434,14.395392,4.0
14-02-16_12:18:27,-1.0151415,0.4213795,7.074866,-0.9732887,-0.29535148,-1.6659505,42.427982,-14.843434,14.395392,0.0
14-02-16_12:18:27,-1.0151415,0.4213795,7.074866,0.24217801,-0.06845016,-1.2185395,42.427982,-14.843434,14.395392,0.0
14-02-16_12:18:27,-1.8914193,1.7609353,12.838906,0.24217801,-0.06845016,-1.2185395,42.427982,-14.843434,14.395392,0.0
14-02-16_12:18:27,-1.8914193,1.7609353,12.838906,0.24217801,-0.06845016,-1.2185395,43.282375,-11.0029335,16.460842,0.0
14-02-16_12:18:27,-1.8914193,1.7609353,12.838906,0.24217801,-0.06845016,-1.2185395,43.282375,-11.0029335,16.460842,2.0
14-02-16_12:18:27,-1.8914193,1.7609353,12.838906,-0.29365,0.16271222,-0.09042444,43.282375,-11.0029335,16.460842,2.0
14-02-16_12:18:27,-1.922544,0.7062895,12.290634,-0.29365,0.16271222,-0.09042444,43.282375,-11.0029335,16.460842,2.0
14-02-16_12:18:27,-1.922544,0.7062895,12.290634,-0.29365,0.16271222,-0.09042444,43.282375,-11.0029335,16.460842,0.0
14-02-16_12:18:28,-1.922544,0.7062895,12.290634,-0.29365,0.16271222,-0.09042444,43.295845,-5.8524017,18.5353,0.0
14-02-16_12:18:28,-1.922544,0.7062895,12.290634,0.012080898,0.16271222,1.1783055,43.295845,-5.8524017,18.5353,0.0
14-02-16_12:18:28,-0.79487497,0.6332663,7.350199,0.012080898,0.16271222,1.1783055,43.295845,-5.8524017,18.5353,0.0
14-02-16_12:18:28,-0.79487497,0.6332663,7.350199,0.012080898,0.16271222,1.1783055,43.295845,-5.8524017,18.5353,2.0
14-02-16_12:18:28,-0.79487497,0.6332663,7.350199,0.012080898,0.16271222,1.1783055,43.49888,-0.3699988,20.813744,2.0
14-02-16_12:18:28,-0.79487497,0.6332663,7.350199,0.8301992,0.12330995,0.853407,43.49888,-0.3699988,20.813744,2.0
14-02-16_12:18:28,1.9835961,-0.40462008,14.113819,0.8301992,0.12330995,0.853407,43.49888,-0.3699988,20.813744,2.0
14-02-16_12:18:28,1.9835961,-0.40462008,14.113819,0.8301992,0.12330995,0.853407,44.527546,3.9299242,23.010746,2.0
14-02-16_12:18:28,1.9835961,-0.40462008,14.113819,0.8301992,0.12330995,0.853407,44.527546,3.9299242,23.010746,6.0
14-02-16_12:18:28,1.9835961,-0.40462008,14.113819,-0.44385707,0.1158531,-0.58150417,44.527546,3.9299242,23.010746,6.0
14-02-16_12:18:28,0.142455,1.4736311,8.860941,-0.44385707,0.1158531,-0.58150417,44.527546,3.9299242,23.010746,6.0
14-02-16_12:18:28,0.142455,1.4736311,8.860941,-0.44385707,0.1158531,-0.58150417,44.527546,3.9299242,23.010746,2.0
14-02-16_12:18:28,0.142455,1.4736311,8.860941,-0.44385707,0.1158531,-0.58150417,46.068558,6.0303497,24.288551,2.0
14-02-16_12:18:28,0.142455,1.4736311,8.860941,0.21980266,0.5227841,-0.5804389,46.068558,6.0303497,24.288551,2.0
14-02-16_12:18:28,-0.05746084,1.673547,7.5908165,0.21980266,0.5227841,-0.5804389,46.068558,6.0303497,24.288551,2.0
14-02-16_12:18:28,-0.05746084,1.673547,7.5908165,0.21980266,0.5227841,-0.5804389,46.068558,6.0303497,24.288551,4.0
14-02-16_12:18:28,-0.05746084,1.673547,7.5908165,0.21980266,0.5227841,-0.5804389,48.002842,6.779981,24.214577,4.0
14-02-16_12:18:28,-0.05746084,1.673547,7.5908165,0.21980266,0.5227841,-0.5804389,48.002842,6.779981,24.214577,0.0
14-02-16_12:18:28,-0.05746084,1.673547,7.5908165,0.20169078,-0.5222339,-0.5026708,48.002842,6.779981,24.214577,0.0
14-02-16_12:18:28,-4.5884876,2.4277205,14.681245,0.20169078,-0.5222339,-0.5026708,48.002842,6.779981,24.214577,0.0
14-02-16_12:18:29,-4.5884876,2.4277205,14.681245,0.20169078,-0.5222339,-0.5026708,50.360615,7.3299303,22.924051,0.0
14-02-16_12:18:29,-4.5884876,2.4277205,14.681245,-0.57701755,0.18510167,0.94715405,50.360615,7.3299303,22.924051,0.0
14-02-16_12:18:29,-0.50397944,0.49559975,8.165425,-0.57701755,0.18510167,0.94715405,50.360615,7.3299303,22.924051,0.0
14-02-16_12:18:29,-0.50397944,0.49559975,8.165425,-0.57701755,0.18510167,0.94715405,52.602367,7.8653445,20.936829,0.0
14-02-16_12:18:29,-0.50397944,0.49559975,8.165425,0.31141302,0.119055286,0.7202527,52.602367,7.8653445,20.936829,0.0
14-02-16_12:18:29,0.9684546,-0.9828198,12.316971,0.31141302,0.119055286,0.7202527,52.602367,7.8653445,20.936829,0.0
14-02-16_12:18:29,0.9684546,-0.9828198,12.316971,0.31141302,0.119055286,0.7202527,54.361423,8.139366,19.224703,0.0
14-02-16_12:18:29,0.9684546,-0.9828198,12.316971,-0.57594985,-0.29533896,-0.66885585,54.361423,8.139366,19.224703,0.0
14-02-16_12:18:29,0.82240826,-0.9995792,13.017275,-0.57594985,-0.29533896,-0.66885585,54.361423,8.139366,19.224703,0.0
14-02-16_12:18:29,0.82240826,-0.9995792,13.017275,-0.57594985,-0.29533896,-0.66885585,55.73143,7.7806735,18.535496,0.0
14-02-16_12:18:29,0.82240826,-0.9995792,13.017275,-0.30111164,-0.0758945,-1.3090798,55.73143,7.7806735,18.535496,0.0
14-02-16_12:18:29,-1.0761937,1.3718776,5.4779334,-0.30111164,-0.0758945,-1.3090798,55.73143,7.7806735,18.535496,0.0
14-02-16_12:18:29,-1.0761937,1.3718776,5.4779334,-0.30111164,-0.0758945,-1.3090798,55.73143,7.7806735,18.535496,2.0
14-02-16_12:18:29,-1.0761937,1.3718776,5.4779334,-0.30111164,-0.0758945,-1.3090798,56.396984,7.669181,18.784683,2.0
14-02-16_12:18:29,-1.0761937,1.3718776,5.4779334,-0.30111164,-0.0758945,-1.3090798,56.396984,7.669181,18.784683,0.0
14-02-16_12:18:29,-1.0761937,1.3718776,5.4779334,0.4530956,-0.1685725,-1.0108057,56.396984,7.669181,18.784683,0.0
14-02-16_12:18:29,-3.052607,0.35673606,14.550761,0.4530956,-0.1685725,-1.0108057,56.396984,7.669181,18.784683,0.0
14-02-16_12:18:30,-3.052607,0.35673606,14.550761,0.4530956,-0.1685725,-1.0108057,55.744816,9.240164,19.358479,0.0
14-02-16_12:18:30,-3.052607,0.35673606,14.550761,-0.14985368,0.051962268,0.32931158,55.744816,9.240164,19.358479,0.0
14-02-16_12:18:30,-3.3303347,0.79128367,9.850943,-0.14985368,0.051962268,0.32931158,55.744816,9.240164,19.358479,0.0
14-02-16_12:18:30,-3.3303347,0.79128367,9.850943,-0.14985368,0.051962268,0.32931158,53.924347,12.48313,19.891237,0.0
14-02-16_12:18:30,-3.3303347,0.79128367,9.850943,0.23364152,0.43226168,1.4371866,53.924347,12.48313,19.891237,0.0
14-02-16_12:18:30,-0.33877954,0.24540567,6.9982514,0.23364152,0.43226168,1.4371866,53.924347,12.48313,19.891237,0.0
14-02-16_12:18:30,-0.33877954,0.24540567,6.9982514,0.23364152,0.43226168,1.4371866,53.924347,12.48313,19.891237,4.0
14-02-16_12:18:30,-0.33877954,0.24540567,6.9982514,0.23364152,0.43226168,1.4371866,52.095985,16.196064,20.472141,4.0
14-02-16_12:18:30,-0.33877954,0.24540567,6.9982514,0.6395073,0.17766348,1.0526261,52.095985,16.196064,20.472141,4.0
14-02-16_12:18:30,1.0630256,-1.471237,14.150929,0.6395073,0.17766348,1.0526261,52.095985,16.196064,20.472141,4.0
14-02-16_12:18:30,1.0630256,-1.471237,14.150929,0.6395073,0.17766348,1.0526261,51.731007,18.260239,21.266209,4.0
14-02-16_12:18:30,1.0630256,-1.471237,14.150929,0.6395073,0.17766348,1.0526261,51.731007,18.260239,21.266209,2.0
14-02-16_12:18:30,1.0630256,-1.471237,14.150929,-0.8710257,-0.3155851,-0.5175918,51.731007,18.260239,21.266209,2.0
14-02-16_12:18:30,-0.48123455,1.7166426,8.556877,-0.8710257,-0.3155851,-0.5175918,51.731007,18.260239,21.266209,2.0
14-02-16_12:18:30,-0.48123455,1.7166426,8.556877,-0.8710257,-0.3155851,-0.5175918,51.731007,18.260239,21.266209,0.0
14-02-16_12:18:30,-0.48123455,1.7166426,8.556877,-0.8710257,-0.3155851,-0.5175918,53.11867,17.528276,22.235828,0.0
14-02-16_12:18:30,-0.48123455,1.7166426,8.556877,-0.8710257,-0.3155851,-0.5175918,53.11867,17.528276,22.235828,4.0
14-02-16_12:18:30,-0.48123455,1.7166426,8.556877,0.37852946,0.15419649,-0.90854377,53.11867,17.528276,22.235828,4.0
14-02-16_12:18:30,-0.9696517,1.5801731,7.04015,0.37852946,0.15419649,-0.90854377,53.11867,17.528276,22.235828,4.0
14-02-16_12:18:30,-0.9696517,1.5801731,7.04015,0.37852946,0.15419649,-0.90854377,53.11867,17.528276,22.235828,6.0
14-02-16_12:18:31,-0.9696517,1.5801731,7.04015,0.37852946,0.15419649,-0.90854377,55.027435,15.638795,22.924137,6.0
14-02-16_12:18:31,-0.9696517,1.5801731,7.04015,0.20595662,-0.3965452,-0.22890508,55.027435,15.638795,22.924137,6.0
14-02-16_12:18:31,-3.4141316,0.82121116,12.73835,0.20595662,-0.3965452,-0.22890508,55.027435,15.638795,22.924137,6.0
14-02-16_12:18:31,-3.4141316,0.82121116,12.73835,0.20595662,-0.3965452,-0.22890508,55.027435,15.638795,22.924137,4.0
14-02-16_12:18:31,-3.4141316,0.82121116,12.73835,0.20595662,-0.3965452,-0.22890508,56.089664,14.494287,22.7315,4.0
14-02-16_12:18:31,-3.4141316,0.82121116,12.73835,-0.19033585,0.12227611,1.4925841,56.089664,14.494287,22.7315,4.0
14-02-16_12:18:31,0.08738836,1.520318,8.25401,-0.19033585,0.12227611,1.4925841,56.089664,14.494287,22.7315,4.0
14-02-16_12:18:31,0.08738836,1.520318,8.25401,-0.19033585,0.12227611,1.4925841,56.089664,14.494287,22.7315,2.0
14-02-16_12:18:31,0.08738836,1.520318,8.25401,-0.19033585,0.12227611,1.4925841,56.157906,14.2373085,21.694386,2.0
14-02-16_12:18:31,0.08738836,1.520318,8.25401,0.2517489,0.09351397,1.142112,56.157906,14.2373085,21.694386,2.0
14-02-16_12:18:31,0.81043726,0.9840169,12.146982,0.2517489,0.09351397,1.142112,56.157906,14.2373085,21.694386,2.0
14-02-16_12:18:31,0.81043726,0.9840169,12.146982,0.2517489,0.09351397,1.142112,56.157906,14.2373085,21.694386,6.0
14-02-16_12:18:31,0.81043726,0.9840169,12.146982,0.2517489,0.09351397,1.142112,56.298775,13.754015,20.294308,6.0
14-02-16_12:18:31,0.81043726,0.9840169,12.146982,0.07811078,-0.038578816,0.16100353,56.298775,13.754015,20.294308,6.0
14-02-16_12:18:31,2.0207062,-0.260968,12.26789,0.07811078,-0.038578816,0.16100353,56.298775,13.754015,20.294308,6.0
14-02-16_12:18:31,2.0207062,-0.260968,12.26789,0.07811078,-0.038578816,0.16100353,56.298775,13.754015,20.294308,8.0
14-02-16_12:18:31,2.0207062,-0.260968,12.26789,0.07811078,-0.038578816,0.16100353,57.13102,11.592247,18.833078,8.0
14-02-16_12:18:31,2.0207062,-0.260968,12.26789,0.07811078,-0.038578816,0.16100353,57.13102,11.592247,18.833078,10.0
14-02-16_12:18:31,2.0207062,-0.260968,12.26789,-0.704861,-0.2718656,-1.148203,57.13102,11.592247,18.833078,10.0
14-02-16_12:18:31,0.49320555,0.5267244,7.5644803,-0.704861,-0.2718656,-1.148203,57.13102,11.592247,18.833078,10.0
14-02-16_12:18:31,0.49320555,0.5267244,7.5644803,-0.704861,-0.2718656,-1.148203,57.13102,11.592247,18.833078,14.0
14-02-16_12:18:32,0.49320555,0.5267244,7.5644803,-0.704861,-0.2718656,-1.148203,58.211185,7.9845786,17.35149,14.0
14-02-16_12:18:32,0.49320555,0.5267244,7.5644803,0.106870525,0.09138957,-1.4890876,58.211185,7.9845786,17.35149,14.0
14-02-16_12:18:32,-0.9995792,2.4636335,10.949882,0.106870525,0.09138957,-1.4890876,58.211185,7.9845786,17.35149,14.0
14-02-16_12:18:32,-0.9995792,2.4636335,10.949882,0.106870525,0.09138957,-1.4890876,58.964973,5.2912974,15.559626,14.0
14-02-16_12:18:32,-0.9995792,2.4636335,10.949882,0.12071896,0.10949906,-0.7103793,58.964973,5.2912974,15.559626,14.0
14-02-16_12:18:32,-0.6871359,0.94331545,14.383166,0.12071896,0.10949906,-0.7103793,58.964973,5.2912974,15.559626,14.0
14-02-16_12:18:32,-0.6871359,0.94331545,14.383166,0.12071896,0.10949906,-0.7103793,58.964973,5.2912974,15.559626,12.0
14-02-16_12:18:32,-0.6871359,0.94331545,14.383166,0.12071896,0.10949906,-0.7103793,59.215736,5.3494115,13.141264,12.0
14-02-16_12:18:32,-0.6871359,0.94331545,14.383166,0.18356717,0.14465918,0.6084218,59.215736,5.3494115,13.141264,12.0
14-02-16_12:18:32,-2.100912,-0.34237084,9.246407,0.18356717,0.14465918,0.6084218,59.215736,5.3494115,13.141264,12.0
14-02-16_12:18:32,-2.100912,-0.34237084,9.246407,0.18356717,0.14465918,0.6084218,59.215736,5.3494115,13.141264,16.0
14-02-16_12:18:32,-2.100912,-0.34237084,9.246407,0.18356717,0.14465918,0.6084218,59.08588,7.2626705,10.135383,16.0
14-02-16_12:18:32,-2.100912,-0.34237084,9.246407,0.18356717,0.14465918,0.6084218,59.08588,7.2626705,10.135383,14.0
14-02-16_12:18:32,-2.100912,-0.34237084,9.246407,0.15160923,0.19259608,1.3157574,59.08588,7.2626705,10.135383,14.0
14-02-16_12:18:32,0.40102878,1.9644425,7.7787614,0.15160923,0.19259608,1.3157574,59.08588,7.2626705,10.135383,14.0
14-02-16_12:18:32,0.40102878,1.9644425,7.7787614,0.15160923,0.19259608,1.3157574,59.08588,7.2626705,10.135383,12.0
14-02-16_12:18:32,0.40102878,1.9644425,7.7787614,0.15160923,0.19259608,1.3157574,58.51953,8.248063,7.3614726,12.0
14-02-16_12:18:32,0.40102878,1.9644425,7.7787614,0.3465526,-0.18450753,0.6148134,58.51953,8.248063,7.3614726,12.0
14-02-16_12:18:32,0.6787562,2.9484594,10.997766,0.3465526,-0.18450753,0.6148134,58.51953,8.248063,7.3614726,12.0
14-02-16_12:18:32,0.6787562,2.9484594,10.997766,0.3465526,-0.18450753,0.6148134,58.51953,8.248063,7.3614726,18.0
14-02-16_12:18:33,0.6787562,2.9484594,10.997766,0.3465526,-0.18450753,0.6148134,57.172253,6.7312365,5.9155455,18.0
14-02-16_12:18:33,0.6787562,2.9484594,10.997766,0.3465526,-0.18450753,0.6148134,57.172253,6.7312365,5.9155455,20.0
14-02-16_12:18:33,0.6787562,2.9484594,10.997766,-0.0039241677,-0.2356277,0.03744751,57.172253,6.7312365,5.9155455,20.0
14-02-16_12:18:33,1.328782,1.5658079,14.201207,-0.0039241677,-0.2356277,0.03744751,57.172253,6.7312365,5.9155455,20.0
14-02-16_12:18:33,1.328782,1.5658079,14.201207,-0.0039241677,-0.2356277,0.03744751,55.075394,3.2226815,5.9344454,20.0
14-02-16_12:18:33,1.328782,1.5658079,14.201207,-0.083819,-0.033227462,-0.082927376,55.075394,3.2226815,5.9344454,20.0
14-02-16_12:18:33,1.353921,1.0259154,8.9842415,-0.083819,-0.033227462,-0.082927376,55.075394,3.2226815,5.9344454,20.0
14-02-16_12:18:33,1.353921,1.0259154,8.9842415,-0.083819,-0.033227462,-0.082927376,55.075394,3.2226815,5.9344454,28.0
14-02-16_12:18:33,1.353921,1.0259154,8.9842415,-0.083819,-0.033227462,-0.082927376,52.565506,-1.0044336,6.797654,28.0
14-02-16_12:18:33,1.353921,1.0259154,8.9842415,-0.083819,-0.033227462,-0.082927376,52.565506,-1.0044336,6.797654,30.0
14-02-16_12:18:33,1.353921,1.0259154,8.9842415,0.05360011,0.16810751,-0.3098287,52.565506,-1.0044336,6.797654,30.0
14-02-16_12:18:33,0.33758244,2.7329812,10.30225,0.05360011,0.16810751,-0.3098287,52.565506,-1.0044336,6.797654,30.0
14-02-16_12:18:33,0.33758244,2.7329812,10.30225,0.05360011,0.16810751,-0.3098287,52.565506,-1.0044336,6.797654,34.0
14-02-16_12:18:33,0.33758244,2.7329812,10.30225,0.05360011,0.16810751,-0.3098287,50.074787,-4.5894675,7.901467,34.0
14-02-16_12:18:33,0.33758244,2.7329812,10.30225,0.05360011,0.16810751,-0.3098287,50.074787,-4.5894675,7.901467,28.0
14-02-16_12:18:33,0.33758244,2.7329812,10.30225,0.1856929,-0.057728544,-0.26082653,50.074787,-4.5894675,7.901467,28.0
14-02-16_12:18:33,-0.39145198,3.1543608,10.757148,0.1856929,-0.057728544,-0.26082653,50.074787,-4.5894675,7.901467,28.0
14-02-16_12:18:33,-0.39145198,3.1543608,10.757148,0.1856929,-0.057728544,-0.26082653,50.074787,-4.5894675,7.901467,26.0
14-02-16_12:18:33,-0.39145198,3.1543608,10.757148,0.1856929,-0.057728544,-0.26082653,48.094536,-6.844739,8.893431,26.0
14-02-16_12:18:33,-0.39145198,3.1543608,10.757148,0.1856929,-0.057728544,-0.26082653,48.094536,-6.844739,8.893431,30.0
14-02-16_12:18:33,-0.39145198,3.1543608,10.757148,0.091949634,0.14999802,0.21960773,48.094536,-6.844739,8.893431,30.0
14-02-16_12:18:33,-0.39624038,2.005144,11.067198,0.091949634,0.14999802,0.21960773,48.094536,-6.844739,8.893431,30.0
14-02-16_12:18:33,-0.39624038,2.005144,11.067198,0.091949634,0.14999802,0.21960773,48.094536,-6.844739,8.893431,34.0
