14-02-16_12:16:10,el X,el Y,el Z,o X,o Y,o Z,net X,net Y,net Z,20.0
14-02-16_12:16:10,el X,el Y,el Z,o X,o Y,o Z,15.499056,6.66626,10.832673,20.0
14-02-16_12:16:10,el X,el Y,el Z,o X,o Y,o Z,15.499056,6.66626,10.832673,58.0
14-02-16_12:16:10,el X,el Y,el Z,-0.002504703,-0.039577503,-0.1363336,15.499056,6.66626,10.832673,58.0
14-02-16_12:16:10,-0.2873042,1.922544,10.412383,-0.002504703,-0.039577503,-0.1363336,15.499056,6.66626,10.832673,58.0
14-02-16_12:16:10,-0.2873042,1.922544,10.412383,-0.002504703,-0.039577503,-0.1363336,15.499056,6.66626,10.832673,62.0
14-02-16_12:16:11,-0.2873042,1.922544,10.412383,-0.002504703,-0.039577503,-0.1363336,15.523799,6.66626,10.849169,62.0
14-02-16_12:16:11,-0.2873042,1.922544,10.412383,-0.002504703,-0.039577503,-0.1363336,15.523799,6.66626,10.849169,58.0
14-02-16_12:16:11,-0.2873042,1.922544,10.412383,0.0017563547,-0.005489041,-0.040459808,15.523799,6.66626,10.849169,58.0
14-02-16_12:16:11,-0.50038815,2.0338743,10.487801,0.0017563547,-0.005489041,-0.040459808,15.523799,6.66626,10.849169,58.0
14-02-16_12:16:11,-0.50038815,2.0338743,10.487801,0.0017563547,-0.005489041,-0.040459808,15.604948,6.66626,10.928012,58.0
14-02-16_12:16:11,-0.50038815,2.0338743,10.487801,-0.009961554,-0.005489041,-0.04259034,15.604948,6.66626,10.928012,58.0
14-02-16_12:16:11,-0.7146692,2.0494366,10.382456,-0.009961554,-0.005489041,-0.04259034,15.604948,6.66626,10.928012,58.0
14-02-16_12:16:11,-0.7146692,2.0494366,10.382456,-0.009961554,-0.005489041,-0.04259034,15.604948,6.66626,10.928012,54.0
14-02-16_12:16:11,-0.7146692,2.0494366,10.382456,-0.009961554,-0.005489041,-0.04259034,15.729963,6.66626,11.07876,54.0
14-02-16_12:16:11,-0.7146692,2.0494366,10.382456,-0.009961554,-0.005489041,-0.04259034,15.729963,6.66626,11.07876,56.0
14-02-16_12:16:11,-0.7146692,2.0494366,10.382456,0.01599175,0.051115114,-0.028664934,15.729963,6.66626,11.07876,56.0
14-02-16_12:16:11,-1.2413936,2.6551697,10.432734,0.01599175,0.051115114,-0.028664934,15.729963,6.66626,11.07876,56.0
14-02-16_12:16:11,-1.2413936,2.6551697,10.432734,0.01599175,0.051115114,-0.028664934,15.729963,6.66626,11.07876,60.0
14-02-16_12:16:11,-1.2413936,2.6551697,10.432734,0.01599175,0.051115114,-0.028664934,15.867675,6.6745076,11.258749,60.0
14-02-16_12:16:11,-1.2413936,2.6551697,10.432734,0.01599175,0.051115114,-0.028664934,15.867675,6.6745076,11.258749,58.0
14-02-16_12:16:11,-1.2413936,2.6551697,10.432734,-0.076686256,0.022352977,0.11940682,15.867675,6.6745076,11.258749,58.0
14-02-16_12:16:11,-0.1448492,2.72939,10.169372,-0.076686256,0.022352977,0.11940682,15.867675,6.6745076,11.258749,58.0
14-02-16_12:16:11,-0.1448492,2.72939,10.169372,-0.076686256,0.022352977,0.11940682,15.867675,6.6745076,11.258749,56.0
14-02-16_12:16:11,-0.1448492,2.72939,10.169372,-0.076686256,0.022352977,0.11940682,16.03368,6.685062,11.425322,56.0
14-02-16_12:16:11,-0.1448492,2.72939,10.169372,-0.16936426,0.013830861,0.21315008,16.03368,6.685062,11.425322,56.0
14-02-16_12:16:11,0.1436521,2.5725696,10.326192,-0.16936426,0.013830861,0.21315008,16.03368,6.685062,11.425322,56.0
14-02-16_12:16:11,0.1436521,2.5725696,10.326192,-0.16936426,0.013830861,0.21315008,16.03368,6.685062,11.425322,58.0
14-02-16_12:16:12,0.1436521,2.5725696,10.326192,-0.16936426,0.013830861,0.21315008,16.279305,6.8183455,11.577254,58.0
14-02-16_12:16:12,0.1436521,2.5725696,10.326192,-0.16936426,0.013830861,0.21315008,16.279305,6.8183455,11.577254,56.0
14-02-16_12:16:12,0.1436521,2.5725696,10.326192,0.10538075,0.04070695,0.2782737,16.279305,6.8183455,11.577254,56.0
14-02-16_12:16:12,0.107739076,2.6503813,10.641029,0.10538075,0.04070695,0.2782737,16.279305,6.8183455,11.577254,56.0
14-02-16_12:16:12,0.107739076,2.6503813,10.641029,0.10538075,0.04070695,0.2782737,16.279305,6.8183455,11.577254,50.0
14-02-16_12:16:12,0.107739076,2.6503813,10.641029,0.10538075,0.04070695,0.2782737,16.662794,7.2725315,11.766351,50.0
14-02-16_12:16:12,0.107739076,2.6503813,10.641029,0.10538075,0.04070695,0.2782737,16.662794,7.2725315,11.766351,48.0
14-02-16_12:16:12,0.107739076,2.6503813,10.641029,-0.07784473,0.10462282,0.30916637,16.662794,7.2725315,11.766351,48.0
14-02-16_12:16:12,-2.172738,1.0845734,10.492589,-0.07784473,0.10462282,0.30916637,16.662794,7.2725315,11.766351,48.0
14-02-16_12:16:12,-2.172738,1.0845734,10.492589,-0.07784473,0.10462282,0.30916637,16.662794,7.2725315,11.766351,34.0
14-02-16_12:16:12,-2.172738,1.0845734,10.492589,-0.07784473,0.10462282,0.30916637,17.225912,7.9715214,11.985248,34.0
14-02-16_12:16:12,-2.172738,1.0845734,10.492589,-0.07784473,0.10462282,0.30916637,17.225912,7.9715214,11.985248,18.0
14-02-16_12:16:12,-2.172738,1.0845734,10.492589,-0.02032045,0.06414276,0.4817392,17.225912,7.9715214,11.985248,18.0
14-02-16_12:16:12,-1.3634979,2.183512,10.1226845,-0.02032045,0.06414276,0.4817392,17.225912,7.9715214,11.985248,18.0
14-02-16_12:16:12,-1.3634979,2.183512,10.1226845,-0.02032045,0.06414276,0.4817392,17.225912,7.9715214,11.985248,12.0
14-02-16_12:16:12,-1.3634979,2.183512,10.1226845,-0.02032045,0.06414276,0.4817392,18.002531,8.715037,12.150301,12.0
14-02-16_12:16:12,-1.3634979,2.183512,10.1226845,-0.02032045,0.06414276,0.4817392,18.002531,8.715037,12.150301,6.0
14-02-16_12:16:12,-1.3634979,2.183512,10.1226845,-0.029962959,-0.033717483,0.44986516,18.002531,8.715037,12.150301,6.0
14-02-16_12:16:12,-0.6835446,2.3678656,11.130644,-0.029962959,-0.033717483,0.44986516,18.002531,8.715037,12.150301,6.0
14-02-16_12:16:12,-0.6835446,2.3678656,11.130644,-0.029962959,-0.033717483,0.44986516,19.098528,9.514085,12.265213,6.0
14-02-16_12:16:12,-0.6835446,2.3678656,11.130644,-0.029962959,-0.033717483,0.44986516,19.098528,9.514085,12.265213,10.0
14-02-16_12:16:12,-0.6835446,2.3678656,11.130644,0.20865627,-0.11893864,3.2357406E-4,19.098528,9.514085,12.265213,10.0
14-02-16_12:16:12,-0.320823,0.89423436,11.699266,0.20865627,-0.11893864,3.2357406E-4,19.098528,9.514085,12.265213,10.0
14-02-16_12:16:12,-0.320823,0.89423436,11.699266,0.20865627,-0.11893864,3.2357406E-4,19.098528,9.514085,12.265213,18.0
14-02-16_12:16:13,-0.320823,0.89423436,11.699266,0.20865627,-0.11893864,3.2357406E-4,20.418766,10.329936,12.391165,18.0
14-02-16_12:16:13,-0.320823,0.89423436,11.699266,0.20865627,-0.11893864,3.2357406E-4,20.418766,10.329936,12.391165,20.0
14-02-16_12:16:13,-0.320823,0.89423436,11.699266,0.14154461,0.004632036,-0.1743798,20.418766,10.329936,12.391165,20.0
14-02-16_12:16:13,-0.9840169,1.283292,9.7863,0.14154461,0.004632036,-0.1743798,20.418766,10.329936,12.391165,20.0
14-02-16_12:16:13,-0.9840169,1.283292,9.7863,0.14154461,0.004632036,-0.1743798,21.46928,10.744871,12.480961,20.0
14-02-16_12:16:13,-0.9840169,1.283292,9.7863,-0.03959348,0.10701034,0.09945895,21.46928,10.744871,12.480961,20.0
14-02-16_12:16:13,-0.93732995,3.289633,10.445902,-0.03959348,0.10701034,0.09945895,21.46928,10.744871,12.480961,20.0
14-02-16_12:16:13,-0.93732995,3.289633,10.445902,-0.03959348,0.10701034,0.09945895,21.46928,10.744871,12.480961,22.0
14-02-16_12:16:13,-0.93732995,3.289633,10.445902,-0.03959348,0.10701034,0.09945895,21.919085,10.589271,12.502721,22.0
14-02-16_12:16:13,-0.93732995,3.289633,10.445902,-0.03959348,0.10701034,0.09945895,21.919085,10.589271,12.502721,26.0
14-02-16_12:16:13,-0.93732995,3.289633,10.445902,-0.18553472,0.29236636,0.35299188,21.919085,10.589271,12.502721,26.0
14-02-16_12:16:13,-1.174356,1.0235212,13.1477585,-0.18553472,0.29236636,0.35299188,21.919085,10.589271,12.502721,26.0
14-02-16_12:16:13,-1.174356,1.0235212,13.1477585,-0.18553472,0.29236636,0.35299188,21.919085,10.589271,12.502721,30.0
14-02-16_12:16:13,-1.174356,1.0235212,13.1477585,-0.18553472,0.29236636,0.35299188,22.067183,10.167246,12.504176,30.0
14-02-16_12:16:13,-1.174356,1.0235212,13.1477585,-0.18553472,0.29236636,0.35299188,22.067183,10.167246,12.504176,32.0
14-02-16_12:16:13,-1.174356,1.0235212,13.1477585,0.12445724,-0.019756127,0.3881456,22.067183,10.167246,12.504176,32.0
14-02-16_12:16:13,-0.7074866,1.9812019,7.563283,0.12445724,-0.019756127,0.3881456,22.067183,10.167246,12.504176,32.0
14-02-16_12:16:13,-0.7074866,1.9812019,7.563283,0.12445724,-0.019756127,0.3881456,22.067183,10.167246,12.504176,34.0
14-02-16_12:16:13,-0.7074866,1.9812019,7.563283,0.12445724,-0.019756127,0.3881456,22.495499,9.660281,12.470902,34.0
14-02-16_12:16:13,-0.7074866,1.9812019,7.563283,-0.0769041,-0.032470327,0.09204231,22.495499,9.660281,12.470902,34.0
14-02-16_12:16:13,-0.6967127,2.7126305,11.399991,-0.0769041,-0.032470327,0.09204231,22.495499,9.660281,12.470902,34.0
14-02-16_12:16:13,-0.6967127,2.7126305,11.399991,-0.0769041,-0.032470327,0.09204231,22.495499,9.660281,12.470902,36.0
14-02-16_12:16:14,-0.6967127,2.7126305,11.399991,-0.0769041,-0.032470327,0.09204231,23.377,9.138881,12.361647,36.0
14-02-16_12:16:14,-0.6967127,2.7126305,11.399991,-0.0769041,-0.032470327,0.09204231,23.377,9.138881,12.361647,34.0
14-02-16_12:16:14,-0.6967127,2.7126305,11.399991,-0.00659665,0.02398869,-0.5545732,23.377,9.138881,12.361647,34.0
14-02-16_12:16:14,-0.29927522,1.6448165,10.588357,-0.00659665,0.02398869,-0.5545732,23.377,9.138881,12.361647,34.0
14-02-16_12:16:14,-0.29927522,1.6448165,10.588357,-0.00659665,0.02398869,-0.5545732,23.377,9.138881,12.361647,40.0
14-02-16_12:16:14,-0.29927522,1.6448165,10.588357,-0.00659665,0.02398869,-0.5545732,24.358175,8.614828,12.171747,40.0
14-02-16_12:16:14,-0.29927522,1.6448165,10.588357,-0.00659665,0.02398869,-0.5545732,24.358175,8.614828,12.171747,48.0
14-02-16_12:16:14,-0.29927522,1.6448165,10.588357,0.2650458,0.07086033,-0.77721345,24.358175,8.614828,12.171747,48.0
14-02-16_12:16:14,-0.5315128,1.1360487,8.257602,0.2650458,0.07086033,-0.77721345,24.358175,8.614828,12.171747,48.0
14-02-16_12:16:14,-0.5315128,1.1360487,8.257602,0.2650458,0.07086033,-0.77721345,24.358175,8.614828,12.171747,44.0
14-02-16_12:16:14,-0.5315128,1.1360487,8.257602,0.2650458,0.07086033,-0.77721345,25.110239,7.9540634,11.8902,44.0
14-02-16_12:16:14,-0.5315128,1.1360487,8.257602,0.2650458,0.07086033,-0.77721345,25.110239,7.9540634,11.8902,50.0
14-02-16_12:16:14,-0.5315128,1.1360487,8.257602,-0.26121163,-0.087820396,-0.4927623,25.110239,7.9540634,11.8902,50.0
14-02-16_12:16:14,-2.292448,2.5761611,12.537237,-0.26121163,-0.087820396,-0.4927623,25.110239,7.9540634,11.8902,50.0
14-02-16_12:16:14,-2.292448,2.5761611,12.537237,-0.26121163,-0.087820396,-0.4927623,25.110239,7.9540634,11.8902,48.0
14-02-16_12:16:14,-2.292448,2.5761611,12.537237,-0.26121163,-0.087820396,-0.4927623,25.505032,7.0536404,11.538139,48.0
14-02-16_12:16:14,-2.292448,2.5761611,12.537237,-0.1962305,0.07836085,0.18794167,25.505032,7.0536404,11.538139,48.0
14-02-16_12:16:14,-1.8866309,0.9540894,10.579977,-0.1962305,0.07836085,0.18794167,25.505032,7.0536404,11.538139,48.0
14-02-16_12:16:14,-1.8866309,0.9540894,10.579977,-0.1962305,0.07836085,0.18794167,25.505032,7.0536404,11.538139,50.0
14-02-16_12:16:14,-1.8866309,0.9540894,10.579977,-0.1962305,0.07836085,0.18794167,25.601553,6.324229,11.296328,50.0
14-02-16_12:16:14,-1.8866309,0.9540894,10.579977,-0.1962305,0.07836085,0.18794167,25.601553,6.324229,11.296328,54.0
14-02-16_12:16:14,-1.8866309,0.9540894,10.579977,0.47595134,-0.10486463,0.21563855,25.601553,6.324229,11.296328,54.0
14-02-16_12:16:14,-0.2681506,2.0135236,6.9958572,0.47595134,-0.10486463,0.21563855,25.601553,6.324229,11.296328,54.0
14-02-16_12:16:14,-0.2681506,2.0135236,6.9958572,0.47595134,-0.10486463,0.21563855,25.601553,6.324229,11.296328,56.0
14-02-16_12:16:15,-0.2681506,2.0135236,6.9958572,0.47595134,-0.10486463,0.21563855,25.73446,6.1013103,11.245764,56.0
14-02-16_12:16:15,-0.2681506,2.0135236,6.9958572,0.47595134,-0.10486463,0.21563855,25.73446,6.1013103,11.245764,54.0
14-02-16_12:16:15,-0.2681506,2.0135236,6.9958572,-0.2590976,-0.040904824,-0.35957867,25.73446,6.1013103,11.245764,54.0
14-02-16_12:16:15,-0.90740246,2.349909,12.418724,-0.2590976,-0.040904824,-0.35957867,25.73446,6.1013103,11.245764,54.0
14-02-16_12:16:15,-0.90740246,2.349909,12.418724,-0.2590976,-0.040904824,-0.35957867,25.73446,6.1013103,11.245764,58.0
14-02-16_12:16:15,-0.90740246,2.349909,12.418724,-0.2590976,-0.040904824,-0.35957867,26.039888,6.024205,11.238813,58.0
14-02-16_12:16:15,-0.90740246,2.349909,12.418724,-0.2590976,-0.040904824,-0.35957867,26.039888,6.024205,11.238813,62.0
14-02-16_12:16:15,-0.90740246,2.349909,12.418724,-0.17068066,0.025141573,-1.1276343,26.039888,6.024205,11.238813,62.0
14-02-16_12:16:15,-0.8451532,1.0319009,11.172543,-0.17068066,0.025141573,-1.1276343,26.039888,6.024205,11.238813,62.0
14-02-16_12:16:15,-0.8451532,1.0319009,11.172543,-0.17068066,0.025141573,-1.1276343,26.039888,6.024205,11.238813,68.0
14-02-16_12:16:15,-0.8451532,1.0319009,11.172543,-0.17068066,0.025141573,-1.1276343,26.202291,6.08149,11.287059,68.0
14-02-16_12:16:15,-0.8451532,1.0319009,11.172543,0.38858315,0.06349109,-0.81657714,26.202291,6.08149,11.287059,68.0
14-02-16_12:16:15,-1.0845734,1.6927006,9.064447,0.38858315,0.06349109,-0.81657714,26.202291,6.08149,11.287059,68.0
14-02-16_12:16:15,-1.0845734,1.6927006,9.064447,0.38858315,0.06349109,-0.81657714,26.202291,6.08149,11.287059,74.0
14-02-16_12:16:15,-1.0845734,1.6927006,9.064447,0.38858315,0.06349109,-0.81657714,25.942572,6.389566,11.434594,74.0
14-02-16_12:16:15,-1.0845734,1.6927006,9.064447,-0.33793917,-0.05046078,0.01754304,25.942572,6.389566,11.434594,74.0
14-02-16_12:16:15,-2.2768857,0.36391866,13.210008,-0.33793917,-0.05046078,0.01754304,25.942572,6.389566,11.434594,74.0
14-02-16_12:16:15,-2.2768857,0.36391866,13.210008,-0.33793917,-0.05046078,0.01754304,25.942572,6.389566,11.434594,72.0
14-02-16_12:16:15,-2.2768857,0.36391866,13.210008,-0.33793917,-0.05046078,0.01754304,25.268734,6.599723,11.526113,72.0
14-02-16_12:16:15,-2.2768857,0.36391866,13.210008,-0.33793917,-0.05046078,0.01754304,25.268734,6.599723,11.526113,74.0
14-02-16_12:16:15,-2.2768857,0.36391866,13.210008,0.005075985,-0.031286016,0.29344654,25.268734,6.599723,11.526113,74.0
14-02-16_12:16:15,-1.6950948,0.5506664,8.791509,0.005075985,-0.031286016,0.29344654,25.268734,6.599723,11.526113,74.0
14-02-16_12:16:16,-1.6950948,0.5506664,8.791509,0.005075985,-0.031286016,0.29344654,24.208845,6.853477,11.5480175,74.0
14-02-16_12:16:16,-1.6950948,0.5506664,8.791509,0.12971193,-0.14313878,0.3989077,24.208845,6.853477,11.5480175,74.0
14-02-16_12:16:16,-0.60333884,2.1404164,9.667787,0.12971193,-0.14313878,0.3989077,24.208845,6.853477,11.5480175,74.0
14-02-16_12:16:16,-0.60333884,2.1404164,9.667787,0.12971193,-0.14313878,0.3989077,24.208845,6.853477,11.5480175,68.0
14-02-16_12:16:16,-0.60333884,2.1404164,9.667787,0.12971193,-0.14313878,0.3989077,22.836235,7.622175,11.573579,68.0
14-02-16_12:16:16,-0.60333884,2.1404164,9.667787,0.12971193,-0.14313878,0.3989077,22.836235,7.622175,11.573579,66.0
14-02-16_12:16:16,-0.60333884,2.1404164,9.667787,-0.113180354,0.034791537,-0.22425361,22.836235,7.622175,11.573579,66.0
14-02-16_12:16:16,-0.78529817,-0.108936176,13.0280485,-0.113180354,0.034791537,-0.22425361,22.836235,7.622175,11.573579,66.0
14-02-16_12:16:16,-0.78529817,-0.108936176,13.0280485,-0.113180354,0.034791537,-0.22425361,22.836235,7.622175,11.573579,58.0
14-02-16_12:16:16,-0.78529817,-0.108936176,13.0280485,-0.113180354,0.034791537,-0.22425361,21.34681,8.822796,11.496851,58.0
14-02-16_12:16:16,-0.78529817,-0.108936176,13.0280485,-0.113180354,0.034791537,-0.22425361,21.34681,8.822796,11.496851,54.0
14-02-16_12:16:16,-0.78529817,-0.108936176,13.0280485,0.3438181,-0.020602213,-0.42771912,21.34681,8.822796,11.496851,54.0
14-02-16_12:16:16,-0.93493575,1.3084313,8.183381,0.3438181,-0.020602213,-0.42771912,21.34681,8.822796,11.496851,54.0
14-02-16_12:16:16,-0.93493575,1.3084313,8.183381,0.3438181,-0.020602213,-0.42771912,21.34681,8.822796,11.496851,48.0
14-02-16_12:16:16,-0.93493575,1.3084313,8.183381,0.3438181,-0.020602213,-0.42771912,19.750029,10.041514,11.254495,48.0
14-02-16_12:16:16,-0.93493575,1.3084313,8.183381,0.044478785,-0.11434548,-0.006939665,19.750029,10.041514,11.254495,48.0
14-02-16_12:16:16,-1.2378023,1.8423382,10.449493,0.044478785,-0.11434548,-0.006939665,19.750029,10.041514,11.254495,48.0
14-02-16_12:16:16,-1.2378023,1.8423382,10.449493,0.044478785,-0.11434548,-0.006939665,17.857225,10.714199,10.857296,48.0
14-02-16_12:16:16,-1.2378023,1.8423382,10.449493,0.044478785,-0.11434548,-0.006939665,17.857225,10.714199,10.857296,44.0
14-02-16_12:16:16,-1.2378023,1.8423382,10.449493,-0.4860157,6.844324E-4,0.1943844,17.857225,10.714199,10.857296,44.0
14-02-16_12:16:16,-1.6328455,0.5506664,11.942278,-0.4860157,6.844324E-4,0.1943844,17.857225,10.714199,10.857296,44.0
14-02-16_12:16:16,-1.6328455,0.5506664,11.942278,-0.4860157,6.844324E-4,0.1943844,17.857225,10.714199,10.857296,56.0
14-02-16_12:16:17,-1.6328455,0.5506664,11.942278,-0.4860157,6.844324E-4,0.1943844,15.694622,10.638282,10.382296,56.0
14-02-16_12:16:17,-1.6328455,0.5506664,11.942278,-0.4860157,6.844324E-4,0.1943844,15.694622,10.638282,10.382296,64.0
14-02-16_12:16:17,-1.6328455,0.5506664,11.942278,0.14888188,-0.06003564,0.20503704,15.694622,10.638282,10.382296,64.0
14-02-16_12:16:17,-1.1923125,1.5442601,8.093599,0.14888188,-0.06003564,0.20503704,15.694622,10.638282,10.382296,64.0
14-02-16_12:16:17,-1.1923125,1.5442601,8.093599,0.14888188,-0.06003564,0.20503704,15.694622,10.638282,10.382296,74.0
14-02-16_12:16:17,-1.1923125,1.5442601,8.093599,0.14888188,-0.06003564,0.20503704,13.616831,10.294098,9.980667,74.0
14-02-16_12:16:17,-1.1923125,1.5442601,8.093599,0.14888188,-0.06003564,0.20503704,13.616831,10.294098,9.980667,78.0
14-02-16_12:16:17,-1.1923125,1.5442601,8.093599,-0.20372063,-0.100515686,0.3946541,13.616831,10.294098,9.980667,78.0
14-02-16_12:16:17,-0.12330139,1.3922282,11.894394,-0.20372063,-0.100515686,0.3946541,13.616831,10.294098,9.980667,78.0
14-02-16_12:16:17,-0.12330139,1.3922282,11.894394,-0.20372063,-0.100515686,0.3946541,13.616831,10.294098,9.980667,98.0
14-02-16_12:16:17,-0.12330139,1.3922282,11.894394,-0.20372063,-0.100515686,0.3946541,11.850652,9.997148,9.66884,98.0
14-02-16_12:16:17,-0.12330139,1.3922282,11.894394,-0.20372063,-0.100515686,0.3946541,11.850652,9.997148,9.66884,122.0
14-02-16_12:16:17,-0.12330139,1.3922282,11.894394,0.039145272,0.058246262,-0.24022165,11.850652,9.997148,9.66884,122.0
14-02-16_12:16:17,-0.23702596,0.110133275,10.546458,0.039145272,0.058246262,-0.24022165,11.850652,9.997148,9.66884,122.0
14-02-16_12:16:17,-0.23702596,0.110133275,10.546458,0.039145272,0.058246262,-0.24022165,11.850652,9.997148,9.66884,148.0
14-02-16_12:16:17,-0.23702596,0.110133275,10.546458,0.039145272,0.058246262,-0.24022165,10.335493,9.674318,9.379155,148.0
14-02-16_12:16:17,-0.23702596,0.110133275,10.546458,0.039145272,0.058246262,-0.24022165,10.335493,9.674318,9.379155,178.0
14-02-16_12:16:17,-0.23702596,0.110133275,10.546458,0.30120033,0.092334725,-0.39575025,10.335493,9.674318,9.379155,178.0
14-02-16_12:16:17,-0.44891283,0.8475474,8.198944,0.30120033,0.092334725,-0.39575025,10.335493,9.674318,9.379155,178.0
14-02-16_12:16:17,-0.44891283,0.8475474,8.198944,0.30120033,0.092334725,-0.39575025,10.335493,9.674318,9.379155,214.0
14-02-16_12:16:17,-0.44891283,0.8475474,8.198944,0.30120033,0.092334725,-0.39575025,9.174178,8.875178,9.099654,214.0
14-02-16_12:16:17,-0.44891283,0.8475474,8.198944,0.30120033,0.092334725,-0.39575025,9.174178,8.875178,9.099654,232.0
14-02-16_12:16:17,-0.44891283,0.8475474,8.198944,0.023166306,0.006048305,-0.21891637,9.174178,8.875178,9.099654,232.0
14-02-16_12:16:17,-1.2856863,2.2134395,11.732785,0.023166306,0.006048305,-0.21891637,9.174178,8.875178,9.099654,232.0
14-02-16_12:16:17,-1.2856863,2.2134395,11.732785,0.023166306,0.006048305,-0.21891637,9.174178,8.875178,9.099654,274.0
14-02-16_12:16:18,-1.2856863,2.2134395,11.732785,0.023166306,0.006048305,-0.21891637,8.733416,7.107738,8.946331,274.0
14-02-16_12:16:18,-1.2856863,2.2134395,11.732785,0.023166306,0.006048305,-0.21891637,8.733416,7.107738,8.946331,300.0
14-02-16_12:16:18,-1.2856863,2.2134395,11.732785,-0.21971639,0.23721708,0.03355503,8.733416,7.107738,8.946331,300.0
14-02-16_12:16:18,-0.9600749,-0.033518825,11.085154,-0.21971639,0.23721708,0.03355503,8.733416,7.107738,8.946331,300.0
14-02-16_12:16:18,-0.9600749,-0.033518825,11.085154,-0.21971639,0.23721708,0.03355503,8.733416,7.107738,8.946331,424.0
14-02-16_12:16:18,-0.9600749,-0.033518825,11.085154,-0.21971639,0.23721708,0.03355503,9.152924,4.8565764,9.106312,424.0
14-02-16_12:16:18,-0.9600749,-0.033518825,11.085154,-0.21971639,0.23721708,0.03355503,9.152924,4.8565764,9.106312,614.0
14-02-16_12:16:18,-0.9600749,-0.033518825,11.085154,0.45672652,0.011381019,-0.1603231,9.152924,4.8565764,9.106312,614.0
14-02-16_12:16:18,-0.35075054,1.4903905,7.8865004,0.45672652,0.011381019,-0.1603231,9.152924,4.8565764,9.106312,614.0
14-02-16_12:16:18,-0.35075054,1.4903905,7.8865004,0.45672652,0.011381019,-0.1603231,9.152924,4.8565764,9.106312,770.0
14-02-16_12:16:18,-0.35075054,1.4903905,7.8865004,0.45672652,0.011381019,-0.1603231,10.312634,3.0097322,9.532716,770.0
14-02-16_12:16:18,-0.35075054,1.4903905,7.8865004,0.45672652,0.011381019,-0.1603231,10.312634,3.0097322,9.532716,894.0
14-02-16_12:16:18,-0.35075054,1.4903905,7.8865004,-0.068448834,-0.2368256,-0.43196553,10.312634,3.0097322,9.532716,894.0
14-02-16_12:16:18,0.61530983,1.4987702,11.437101,-0.068448834,-0.2368256,-0.43196553,10.312634,3.0097322,9.532716,894.0
14-02-16_12:16:18,0.61530983,1.4987702,11.437101,-0.068448834,-0.2368256,-0.43196553,10.312634,3.0097322,9.532716,1000.0
14-02-16_12:16:18,0.61530983,1.4987702,11.437101,-0.068448834,-0.2368256,-0.43196553,11.876711,1.7793221,9.952462,1000.0
14-02-16_12:16:18,0.61530983,1.4987702,11.437101,-0.068448834,-0.2368256,-0.43196553,11.876711,1.7793221,9.952462,1056.0
14-02-16_12:16:18,0.61530983,1.4987702,11.437101,0.1254245,0.0060672136,-1.7326462,11.876711,1.7793221,9.952462,1056.0
14-02-16_12:16:18,-0.25977087,0.8870517,10.656591,0.1254245,0.0060672136,-1.7326462,11.876711,1.7793221,9.952462,1056.0
14-02-16_12:16:18,-0.25977087,0.8870517,10.656591,0.1254245,0.0060672136,-1.7326462,11.876711,1.7793221,9.952462,1202.0
14-02-16_12:16:18,-0.25977087,0.8870517,10.656591,0.1254245,0.0060672136,-1.7326462,13.167577,1.0291536,10.228203,1202.0
14-02-16_12:16:18,-0.25977087,0.8870517,10.656591,0.1254245,0.0060672136,-1.7326462,13.167577,1.0291536,10.228203,1222.0
14-02-16_12:16:18,-0.25977087,0.8870517,10.656591,0.56324816,-0.013107547,-1.7432989,13.167577,1.0291536,10.228203,1222.0
14-02-16_12:16:18,-0.60333884,0.985214,8.53054,0.56324816,-0.013107547,-1.7432989,13.167577,1.0291536,10.228203,1222.0
14-02-16_12:16:18,-0.60333884,0.985214,8.53054,0.56324816,-0.013107547,-1.7432989,13.167577,1.0291536,10.228203,1238.0
14-02-16_12:16:19,-0.60333884,0.985214,8.53054,0.56324816,-0.013107547,-1.7432989,13.701267,0.24445656,10.339343,1238.0
14-02-16_12:16:19,-0.60333884,0.985214,8.53054,0.56324816,-0.013107547,-1.7432989,13.701267,0.24445656,10.339343,1196.0
14-02-16_12:16:19,-0.60333884,0.985214,8.53054,0.14779505,-0.39340696,-0.88363045,13.701267,0.24445656,10.339343,1196.0
14-02-16_12:16:19,-2.208651,2.3906105,11.170148,0.14779505,-0.39340696,-0.88363045,13.701267,0.24445656,10.339343,1196.0
14-02-16_12:16:19,-2.208651,2.3906105,11.170148,0.14779505,-0.39340696,-0.88363045,13.701267,0.24445656,10.339343,1088.0
14-02-16_12:16:19,-2.208651,2.3906105,11.170148,0.14779505,-0.39340696,-0.88363045,13.5285015,-1.498353,10.325125,1088.0
14-02-16_12:16:19,-2.208651,2.3906105,11.170148,0.14779505,-0.39340696,-0.88363045,13.5285015,-1.498353,10.325125,916.0
14-02-16_12:16:19,-2.208651,2.3906105,11.170148,-0.40934783,-0.160089,0.057012685,13.5285015,-1.498353,10.325125,916.0
14-02-16_12:16:19,-0.91458505,0.80684596,11.410766,-0.40934783,-0.160089,0.057012685,13.5285015,-1.498353,10.325125,916.0
14-02-16_12:16:19,-0.91458505,0.80684596,11.410766,-0.40934783,-0.160089,0.057012685,13.5285015,-1.498353,10.325125,712.0
14-02-16_12:16:19,-0.91458505,0.80684596,11.410766,-0.40934783,-0.160089,0.057012685,12.953563,-4.228012,10.328083,712.0
14-02-16_12:16:19,-0.91458505,0.80684596,11.410766,-0.40934783,-0.160089,0.057012685,12.953563,-4.228012,10.328083,620.0
14-02-16_12:16:19,-0.91458505,0.80684596,11.410766,0.03380217,0.16694717,-0.010098973,12.953563,-4.228012,10.328083,620.0
14-02-16_12:16:19,-0.47764325,2.100912,8.588001,0.03380217,0.16694717,-0.010098973,12.953563,-4.228012,10.328083,620.0
14-02-16_12:16:19,-0.47764325,2.100912,8.588001,0.03380217,0.16694717,-0.010098973,12.953563,-4.228012,10.328083,424.0
14-02-16_12:16:19,-0.47764325,2.100912,8.588001,0.03380217,0.16694717,-0.010098973,12.531303,-6.9381075,10.346907,424.0
14-02-16_12:16:19,-0.47764325,2.100912,8.588001,0.03380217,0.16694717,-0.010098973,12.531303,-6.9381075,10.346907,362.0
14-02-16_12:16:19,-0.47764325,2.100912,8.588001,-0.25381923,-0.016278306,0.08257903,12.531303,-6.9381075,10.346907,362.0
14-02-16_12:16:19,-0.8559271,1.3144168,12.824541,-0.25381923,-0.016278306,0.08257903,12.531303,-6.9381075,10.346907,362.0
14-02-16_12:16:19,-0.8559271,1.3144168,12.824541,-0.25381923,-0.016278306,0.08257903,12.531303,-6.9381075,10.346907,232.0
14-02-16_12:16:19,-0.8559271,1.3144168,12.824541,-0.25381923,-0.016278306,0.08257903,12.793413,-8.970405,10.287102,232.0
14-02-16_12:16:19,-0.8559271,1.3144168,12.824541,-0.25381923,-0.016278306,0.08257903,12.793413,-8.970405,10.287102,132.0
14-02-16_12:16:19,-0.8559271,1.3144168,12.824541,0.12754305,-0.29963225,-0.653515,12.793413,-8.970405,10.287102,132.0
14-02-16_12:16:19,-0.46567222,0.5590461,10.614694,0.12754305,-0.29963225,-0.653515,12.793413,-8.970405,10.287102,132.0
14-02-16_12:16:19,-0.46567222,0.5590461,10.614694,0.12754305,-0.29963225,-0.653515,12.793413,-8.970405,10.287102,74.0
14-02-16_12:16:20,-0.46567222,0.5590461,10.614694,0.12754305,-0.29963225,-0.653515,13.520187,-10.383899,10.251071,74.0
14-02-16_12:16:20,-0.46567222,0.5590461,10.614694,0.12754305,-0.29963225,-0.653515,13.520187,-10.383899,10.251071,44.0
14-02-16_12:16:20,-0.46567222,0.5590461,10.614694,0.3203559,-0.1845837,-0.78560776,13.520187,-10.383899,10.251071,44.0
14-02-16_12:16:20,-1.4437037,1.8543092,8.094796,0.3203559,-0.1845837,-0.78560776,13.520187,-10.383899,10.251071,44.0
14-02-16_12:16:20,-1.4437037,1.8543092,8.094796,0.3203559,-0.1845837,-0.78560776,13.520187,-10.383899,10.251071,34.0
14-02-16_12:16:20,-1.4437037,1.8543092,8.094796,0.3203559,-0.1845837,-0.78560776,14.118812,-11.782893,10.464465,34.0
14-02-16_12:16:20,-1.4437037,1.8543092,8.094796,-0.30175853,-0.038642466,0.28924406,14.118812,-11.782893,10.464465,34.0
14-02-16_12:16:20,-1.934515,0.5398925,12.263102,-0.30175853,-0.038642466,0.28924406,14.118812,-11.782893,10.464465,34.0
14-02-16_12:16:20,-1.934515,0.5398925,12.263102,-0.30175853,-0.038642466,0.28924406,14.118812,-11.782893,10.464465,42.0
14-02-16_12:16:20,-1.934515,0.5398925,12.263102,-0.30175853,-0.038642466,0.28924406,14.306791,-13.797032,11.05991,42.0
14-02-16_12:16:20,-1.934515,0.5398925,12.263102,-0.30175853,-0.038642466,0.28924406,14.306791,-13.797032,11.05991,50.0
14-02-16_12:16:20,-1.934515,0.5398925,12.263102,-0.4136161,0.06576596,0.81549186,14.306791,-13.797032,11.05991,50.0
14-02-16_12:16:20,-2.2996306,0.35793316,9.487024,-0.4136161,0.06576596,0.81549186,14.306791,-13.797032,11.05991,50.0
14-02-16_12:16:20,-2.2996306,0.35793316,9.487024,-0.4136161,0.06576596,0.81549186,14.306791,-13.797032,11.05991,58.0
14-02-16_12:16:20,-2.2996306,0.35793316,9.487024,-0.4136161,0.06576596,0.81549186,13.898534,-15.805213,11.942637,58.0
14-02-16_12:16:20,-2.2996306,0.35793316,9.487024,-0.4136161,0.06576596,0.81549186,13.898534,-15.805213,11.942637,56.0
14-02-16_12:16:20,-2.2996306,0.35793316,9.487024,0.16162671,-0.015194133,1.0711553,13.898534,-15.805213,11.942637,56.0
14-02-16_12:16:20,0.089782566,1.3922282,8.954314,0.16162671,-0.015194133,1.0711553,13.898534,-15.805213,11.942637,56.0
14-02-16_12:16:20,0.089782566,1.3922282,8.954314,0.16162671,-0.015194133,1.0711553,13.898534,-15.805213,11.942637,62.0
14-02-16_12:16:20,0.089782566,1.3922282,8.954314,0.16162671,-0.015194133,1.0711553,12.741979,-16.538744,12.895042,62.0
14-02-16_12:16:20,0.089782566,1.3922282,8.954314,-0.48072773,0.05724385,0.6269401,12.741979,-16.538744,12.895042,62.0
14-02-16_12:16:20,-0.866701,-1.292869,15.266627,-0.48072773,0.05724385,0.6269401,12.741979,-16.538744,12.895042,62.0
14-02-16_12:16:20,-0.866701,-1.292869,15.266627,-0.48072773,0.05724385,0.6269401,12.741979,-16.538744,12.895042,82.0
14-02-16_12:16:21,-0.866701,-1.292869,15.266627,-0.48072773,0.05724385,0.6269401,10.986869,-15.503817,13.857145,82.0
14-02-16_12:16:21,-0.866701,-1.292869,15.266627,-0.48072773,0.05724385,0.6269401,10.986869,-15.503817,13.857145,94.0
14-02-16_12:16:21,-0.866701,-1.292869,15.266627,0.66016805,-0.16432503,-0.009019061,10.986869,-15.503817,13.857145,94.0
14-02-16_12:16:21,-1.0546459,0.12330139,7.821857,0.66016805,-0.16432503,-0.009019061,10.986869,-15.503817,13.857145,94.0
14-02-16_12:16:21,-1.0546459,0.12330139,7.821857,0.66016805,-0.16432503,-0.009019061,10.986869,-15.503817,13.857145,112.0
14-02-16_12:16:21,-1.0546459,0.12330139,7.821857,0.66016805,-0.16432503,-0.009019061,9.078892,-12.971389,14.83137,112.0
14-02-16_12:16:21,-1.0546459,0.12330139,7.821857,0.66016805,-0.16432503,-0.009019061,9.078892,-12.971389,14.83137,120.0
14-02-16_12:16:21,-1.0546459,0.12330139,7.821857,0.055097874,-0.048211206,0.37660667,9.078892,-12.971389,14.83137,120.0
14-02-16_12:16:21,-1.328782,1.1599907,9.392453,0.055097874,-0.048211206,0.37660667,9.078892,-12.971389,14.83137,120.0
14-02-16_12:16:21,-1.328782,1.1599907,9.392453,0.055097874,-0.048211206,0.37660667,9.078892,-12.971389,14.83137,134.0
14-02-16_12:16:21,-1.328782,1.1599907,9.392453,0.055097874,-0.048211206,0.37660667,7.4591136,-9.969402,15.709253,134.0
14-02-16_12:16:21,-1.328782,1.1599907,9.392453,0.055097874,-0.048211206,0.37660667,7.4591136,-9.969402,15.709253,138.0
14-02-16_12:16:21,-1.328782,1.1599907,9.392453,-0.54251546,0.11797005,1.0168306,7.4591136,-9.969402,15.709253,138.0
14-02-16_12:16:21,-1.673547,-0.6572084,12.996924,-0.54251546,0.11797005,1.0168306,7.4591136,-9.969402,15.709253,138.0
14-02-16_12:16:21,-1.673547,-0.6572084,12.996924,-0.54251546,0.11797005,1.0168306,7.4591136,-9.969402,15.709253,150.0
14-02-16_12:16:21,-1.673547,-0.6572084,12.996924,-0.54251546,0.11797005,1.0168306,6.470833,-7.2054663,16.375587,150.0
14-02-16_12:16:21,-1.673547,-0.6572084,12.996924,-0.54251546,0.11797005,1.0168306,6.470833,-7.2054663,16.375587,164.0
14-02-16_12:16:21,-1.673547,-0.6572084,12.996924,0.19464032,-0.1078471,1.1553259,6.470833,-7.2054663,16.375587,164.0
14-02-16_12:16:21,-1.6962919,0.37110126,8.36175,0.19464032,-0.1078471,1.1553259,6.470833,-7.2054663,16.375587,164.0
14-02-16_12:16:21,-1.6962919,0.37110126,8.36175,0.19464032,-0.1078471,1.1553259,6.470833,-7.2054663,16.375587,172.0
14-02-16_12:16:21,-1.6962919,0.37110126,8.36175,0.19464032,-0.1078471,1.1553259,6.3921804,-4.269338,16.759491,172.0
14-02-16_12:16:21,-1.6962919,0.37110126,8.36175,-0.0045641256,-0.04180071,1.3151156,6.3921804,-4.269338,16.759491,172.0
14-02-16_12:16:21,0.6572084,1.7250223,10.861296,-0.0045641256,-0.04180071,1.3151156,6.3921804,-4.269338,16.759491,172.0
14-02-16_12:16:22,0.6572084,1.7250223,10.861296,-0.0045641256,-0.04180071,1.3151156,7.21716,-0.8177267,16.850035,172.0
14-02-16_12:16:22,0.6572084,1.7250223,10.861296,-0.0045641256,-0.04180071,1.3151156,7.21716,-0.8177267,16.850035,180.0
14-02-16_12:16:22,0.6572084,1.7250223,10.861296,-0.16222326,0.18510062,0.26369956,7.21716,-0.8177267,16.850035,180.0
14-02-16_12:16:22,-0.4441244,-0.50996494,12.503718,-0.16222326,0.18510062,0.26369956,7.21716,-0.8177267,16.850035,180.0
14-02-16_12:16:22,-0.4441244,-0.50996494,12.503718,-0.16222326,0.18510062,0.26369956,7.21716,-0.8177267,16.850035,202.0
14-02-16_12:16:22,-0.4441244,-0.50996494,12.503718,-0.16222326,0.18510062,0.26369956,8.805264,3.01333,16.774298,202.0
14-02-16_12:16:22,-0.4441244,-0.50996494,12.503718,-0.16222326,0.18510062,0.26369956,8.805264,3.01333,16.774298,206.0
14-02-16_12:16:22,-0.4441244,-0.50996494,12.503718,0.59837794,-0.01730602,-0.23058687,8.805264,3.01333,16.774298,206.0
14-02-16_12:16:22,-0.7098808,0.81642276,7.6829934,0.59837794,-0.01730602,-0.23058687,8.805264,3.01333,16.774298,206.0
14-02-16_12:16:22,-0.7098808,0.81642276,7.6829934,0.59837794,-0.01730602,-0.23058687,10.963062,6.6631064,16.617645,206.0
14-02-16_12:16:22,-0.7098808,0.81642276,7.6829934,-0.042911246,-0.01730602,0.0996451,10.963062,6.6631064,16.617645,206.0
14-02-16_12:16:22,-0.6452374,0.48003745,11.486182,-0.042911246,-0.01730602,0.0996451,10.963062,6.6631064,16.617645,206.0
14-02-16_12:16:22,-0.6452374,0.48003745,11.486182,-0.042911246,-0.01730602,0.0996451,10.963062,6.6631064,16.617645,212.0
14-02-16_12:16:22,-0.6452374,0.48003745,11.486182,-0.042911246,-0.01730602,0.0996451,13.229714,9.165636,16.22242,212.0
14-02-16_12:16:22,-0.6452374,0.48003745,11.486182,-0.042911246,-0.01730602,0.0996451,13.229714,9.165636,16.22242,222.0
14-02-16_12:16:22,-0.6452374,0.48003745,11.486182,-0.4967139,-0.04074184,0.25197792,13.229714,9.165636,16.22242,222.0
14-02-16_12:16:22,0.0035913025,0.20111294,11.105505,-0.4967139,-0.04074184,0.25197792,13.229714,9.165636,16.22242,222.0
14-02-16_12:16:22,0.0035913025,0.20111294,11.105505,-0.4967139,-0.04074184,0.25197792,13.229714,9.165636,16.22242,236.0
14-02-16_12:16:22,0.0035913025,0.20111294,11.105505,-0.4967139,-0.04074184,0.25197792,15.231614,10.336173,15.60179,236.0
14-02-16_12:16:22,0.0035913025,0.20111294,11.105505,-0.4967139,-0.04074184,0.25197792,15.231614,10.336173,15.60179,240.0
14-02-16_12:16:22,0.0035913025,0.20111294,11.105505,0.5483033,-0.0023734092,-0.34455925,15.231614,10.336173,15.60179,240.0
14-02-16_12:16:22,0.21906945,1.2294226,7.831434,0.5483033,-0.0023734092,-0.34455925,15.231614,10.336173,15.60179,240.0
14-02-16_12:16:22,0.21906945,1.2294226,7.831434,0.5483033,-0.0023734092,-0.34455925,15.231614,10.336173,15.60179,248.0
14-02-16_12:16:23,0.21906945,1.2294226,7.831434,0.5483033,-0.0023734092,-0.34455925,16.925219,10.680082,14.9551325,248.0
14-02-16_12:16:23,0.21906945,1.2294226,7.831434,0.5483033,-0.0023734092,-0.34455925,16.925219,10.680082,14.9551325,254.0
14-02-16_12:16:23,0.21906945,1.2294226,7.831434,-0.046114232,-0.044983987,-0.6044838,16.925219,10.680082,14.9551325,254.0
14-02-16_12:16:23,1.1552023,0.39025488,12.717999,-0.046114232,-0.044983987,-0.6044838,16.925219,10.680082,14.9551325,254.0
14-02-16_12:16:23,1.1552023,0.39025488,12.717999,-0.046114232,-0.044983987,-0.6044838,16.925219,10.680082,14.9551325,264.0
14-02-16_12:16:23,1.1552023,0.39025488,12.717999,-0.046114232,-0.044983987,-0.6044838,18.103323,10.206464,14.300338,264.0
14-02-16_12:16:23,1.1552023,0.39025488,12.717999,-0.046114232,-0.044983987,-0.6044838,18.103323,10.206464,14.300338,278.0
14-02-16_12:16:23,1.1552023,0.39025488,12.717999,0.08917435,0.04023717,-1.7933189,18.103323,10.206464,14.300338,278.0
14-02-16_12:16:23,0.6835446,0.14724341,9.218874,0.08917435,0.04023717,-1.7933189,18.103323,10.206464,14.300338,278.0
14-02-16_12:16:23,0.6835446,0.14724341,9.218874,0.08917435,0.04023717,-1.7933189,18.103323,10.206464,14.300338,296.0
14-02-16_12:16:23,0.6835446,0.14724341,9.218874,0.08917435,0.04023717,-1.7933189,18.381378,8.842314,13.639316,296.0
14-02-16_12:16:23,0.6835446,0.14724341,9.218874,0.08917435,0.04023717,-1.7933189,18.381378,8.842314,13.639316,308.0
14-02-16_12:16:23,0.6835446,0.14724341,9.218874,0.4204644,0.19471942,-2.0063608,18.381378,8.842314,13.639316,308.0
14-02-16_12:16:23,-0.557849,0.45130703,9.5971575,0.4204644,0.19471942,-2.0063608,18.381378,8.842314,13.639316,308.0
14-02-16_12:16:23,-0.557849,0.45130703,9.5971575,0.4204644,0.19471942,-2.0063608,18.381378,8.842314,13.639316,312.0
14-02-16_12:16:23,-0.557849,0.45130703,9.5971575,0.4204644,0.19471942,-2.0063608,17.778633,6.465127,12.957714,312.0
14-02-16_12:16:23,-0.557849,0.45130703,9.5971575,0.22125995,-0.24310426,-0.8090036,17.778633,6.465127,12.957714,312.0
14-02-16_12:16:23,-1.2880806,1.1839328,9.36492,0.22125995,-0.24310426,-0.8090036,17.778633,6.465127,12.957714,312.0
14-02-16_12:16:23,-1.2880806,1.1839328,9.36492,0.22125995,-0.24310426,-0.8090036,17.778633,6.465127,12.957714,322.0
14-02-16_12:16:23,-1.2880806,1.1839328,9.36492,0.22125995,-0.24310426,-0.8090036,16.742579,2.6478362,12.236258,322.0
14-02-16_12:16:23,-1.2880806,1.1839328,9.36492,0.22125995,-0.24310426,-0.8090036,16.742579,2.6478362,12.236258,326.0
14-02-16_12:16:23,-1.2880806,1.1839328,9.36492,-0.6160379,-0.37839285,-0.42763895,16.742579,2.6478362,12.236258,326.0
14-02-16_12:16:23,-0.20470424,1.1659763,9.704897,-0.6160379,-0.37839285,-0.42763895,16.742579,2.6478362,12.236258,326.0
14-02-16_12:16:23,-0.20470424,1.1659763,9.704897,-0.6160379,-0.37839285,-0.42763895,16.742579,2.6478362,12.236258,342.0
14-02-16_12:16:24,-0.20470424,1.1659763,9.704897,-0.6160379,-0.37839285,-0.42763895,15.539722,-2.107802,11.638585,342.0
14-02-16_12:16:24,-0.20470424,1.1659763,9.704897,-0.6160379,-0.37839285,-0.42763895,15.539722,-2.107802,11.638585,354.0
14-02-16_12:16:24,-0.20470424,1.1659763,9.704897,0.055078696,0.15850043,-0.8612016,15.539722,-2.107802,11.638585,354.0
14-02-16_12:16:24,1.0127473,0.19991584,9.783905,0.055078696,0.15850043,-0.8612016,15.539722,-2.107802,11.638585,354.0
14-02-16_12:16:24,1.0127473,0.19991584,9.783905,0.055078696,0.15850043,-0.8612016,15.539722,-2.107802,11.638585,360.0
14-02-16_12:16:24,1.0127473,0.19991584,9.783905,0.055078696,0.15850043,-0.8612016,14.214893,-6.5433664,11.309072,360.0
14-02-16_12:16:24,1.0127473,0.19991584,9.783905,0.055078696,0.15850043,-0.8612016,14.214893,-6.5433664,11.309072,376.0
14-02-16_12:16:24,1.0127473,0.19991584,9.783905,0.075318724,-0.13018623,-1.1956946,14.214893,-6.5433664,11.309072,376.0
14-02-16_12:16:24,0.47524905,0.33997664,10.95467,0.075318724,-0.13018623,-1.1956946,14.214893,-6.5433664,11.309072,376.0
14-02-16_12:16:24,0.47524905,0.33997664,10.95467,0.075318724,-0.13018623,-1.1956946,14.214893,-6.5433664,11.309072,382.0
14-02-16_12:16:24,0.47524905,0.33997664,10.95467,0.075318724,-0.13018623,-1.1956946,13.094073,-10.195437,11.189358,382.0
14-02-16_12:16:24,0.47524905,0.33997664,10.95467,0.075318724,-0.13018623,-1.1956946,13.094073,-10.195437,11.189358,378.0
14-02-16_12:16:24,0.47524905,0.33997664,10.95467,-0.015228754,0.029603433,-1.6974342,13.094073,-10.195437,11.189358,378.0
14-02-16_12:16:24,0.44651863,-1.4425066,11.056423,-0.015228754,0.029603433,-1.6974342,13.094073,-10.195437,11.189358,378.0
14-02-16_12:16:24,0.44651863,-1.4425066,11.056423,-0.015228754,0.029603433,-1.6974342,13.094073,-10.195437,11.189358,344.0
14-02-16_12:16:24,0.44651863,-1.4425066,11.056423,-0.015228754,0.029603433,-1.6974342,12.647221,-13.352446,11.218282,344.0
14-02-16_12:16:24,0.44651863,-1.4425066,11.056423,-0.015228754,0.029603433,-1.6974342,12.647221,-13.352446,11.218282,332.0
14-02-16_12:16:24,0.44651863,-1.4425066,11.056423,-0.0067162258,0.024302144,-2.371732,12.647221,-13.352446,11.218282,332.0
14-02-16_12:16:24,0.020350715,-0.8595184,11.392809,-0.0067162258,0.024302144,-2.371732,12.647221,-13.352446,11.218282,332.0
14-02-16_12:16:24,0.020350715,-0.8595184,11.392809,-0.0067162258,0.024302144,-2.371732,12.647221,-13.352446,11.218282,294.0
14-02-16_12:16:24,0.020350715,-0.8595184,11.392809,-0.0067162258,0.024302144,-2.371732,13.410747,-16.382113,11.403195,294.0
14-02-16_12:16:24,0.020350715,-0.8595184,11.392809,-0.0067162258,0.024302144,-2.371732,13.410747,-16.382113,11.403195,280.0
14-02-16_12:16:24,0.020350715,-0.8595184,11.392809,0.28410095,0.11911068,-1.4502782,13.410747,-16.382113,11.403195,280.0
14-02-16_12:16:24,-0.82719666,0.0011971008,10.351331,0.28410095,0.11911068,-1.4502782,13.410747,-16.382113,11.403195,280.0
14-02-16_12:16:24,-0.82719666,0.0011971008,10.351331,0.28410095,0.11911068,-1.4502782,13.410747,-16.382113,11.403195,262.0
14-02-16_12:16:25,-0.82719666,0.0011971008,10.351331,0.28410095,0.11911068,-1.4502782,16.061056,-19.287317,11.708481,262.0
14-02-16_12:16:25,-0.82719666,0.0011971008,10.351331,0.28410095,0.11911068,-1.4502782,16.061056,-19.287317,11.708481,248.0
14-02-16_12:16:25,-0.82719666,0.0011971008,10.351331,-0.39873353,-0.36771518,-0.4574517,16.061056,-19.287317,11.708481,248.0
14-02-16_12:16:25,-0.18794483,-0.58538234,11.110293,-0.39873353,-0.36771518,-0.4574517,16.061056,-19.287317,11.708481,248.0
14-02-16_12:16:25,-0.18794483,-0.58538234,11.110293,-0.39873353,-0.36771518,-0.4574517,16.061056,-19.287317,11.708481,232.0
14-02-16_12:16:25,-0.18794483,-0.58538234,11.110293,-0.39873353,-0.36771518,-0.4574517,20.531197,-21.69818,12.0603075,232.0
14-02-16_12:16:25,-0.18794483,-0.58538234,11.110293,-0.39873353,-0.36771518,-0.4574517,20.531197,-21.69818,12.0603075,222.0
14-02-16_12:16:25,-0.18794483,-0.58538234,11.110293,0.09768928,0.17341413,-0.8409616,20.531197,-21.69818,12.0603075,222.0
14-02-16_12:16:25,0.051475335,-0.40940848,11.062409,0.09768928,0.17341413,-0.8409616,20.531197,-21.69818,12.0603075,222.0
14-02-16_12:16:25,0.051475335,-0.40940848,11.062409,0.09768928,0.17341413,-0.8409616,20.531197,-21.69818,12.0603075,192.0
14-02-16_12:16:25,0.051475335,-0.40940848,11.062409,0.09768928,0.17341413,-0.8409616,25.538168,-23.156504,12.323477,192.0
14-02-16_12:16:25,0.051475335,-0.40940848,11.062409,0.09768928,0.17341413,-0.8409616,25.538168,-23.156504,12.323477,186.0
14-02-16_12:16:25,0.051475335,-0.40940848,11.062409,0.15521355,-0.027920848,-0.9943596,25.538168,-23.156504,12.323477,186.0
14-02-16_12:16:25,1.0151415,0.6787562,9.870096,0.15521355,-0.027920848,-0.9943596,25.538168,-23.156504,12.323477,186.0
14-02-16_12:16:25,1.0151415,0.6787562,9.870096,0.15521355,-0.027920848,-0.9943596,25.538168,-23.156504,12.323477,178.0
14-02-16_12:16:25,1.0151415,0.6787562,9.870096,0.15521355,-0.027920848,-0.9943596,30.02479,-23.40109,12.409727,178.0
14-02-16_12:16:25,1.0151415,0.6787562,9.870096,0.15521355,-0.027920848,-0.9943596,30.02479,-23.40109,12.409727,172.0
14-02-16_12:16:25,1.0151415,0.6787562,9.870096,0.122190356,0.19898048,-1.467337,30.02479,-23.40109,12.409727,172.0
14-02-16_12:16:25,-0.02873042,-2.005144,14.119804,0.122190356,0.19898048,-1.467337,30.02479,-23.40109,12.409727,172.0
14-02-16_12:16:25,-0.02873042,-2.005144,14.119804,0.122190356,0.19898048,-1.467337,30.02479,-23.40109,12.409727,164.0
14-02-16_12:16:25,-0.02873042,-2.005144,14.119804,0.122190356,0.19898048,-1.467337,33.96032,-22.712418,12.452143,164.0
14-02-16_12:16:25,-0.02873042,-2.005144,14.119804,0.122190356,0.19898048,-1.467337,33.96032,-22.712418,12.452143,160.0
14-02-16_12:16:25,-0.02873042,-2.005144,14.119804,0.3842313,-0.11523498,-1.9924905,33.96032,-22.712418,12.452143,160.0
14-02-16_12:16:25,0.11611878,0.7158663,9.821015,0.3842313,-0.11523498,-1.9924905,33.96032,-22.712418,12.452143,160.0
14-02-16_12:16:25,0.11611878,0.7158663,9.821015,0.3842313,-0.11523498,-1.9924905,33.96032,-22.712418,12.452143,158.0
14-02-16_12:16:26,0.11611878,0.7158663,9.821015,0.3842313,-0.11523498,-1.9924905,37.69486,-21.384445,12.654927,158.0
14-02-16_12:16:26,0.11611878,0.7158663,9.821015,0.06997828,-0.17488979,-1.1903465,37.69486,-21.384445,12.654927,158.0
14-02-16_12:16:26,-0.4261679,1.1001357,9.872491,0.06997828,-0.17488979,-1.1903465,37.69486,-21.384445,12.654927,158.0
14-02-16_12:16:26,-0.4261679,1.1001357,9.872491,0.06997828,-0.17488979,-1.1903465,37.69486,-21.384445,12.654927,164.0
14-02-16_12:16:26,-0.4261679,1.1001357,9.872491,0.06997828,-0.17488979,-1.1903465,41.427147,-19.271725,13.067363,164.0
14-02-16_12:16:26,-0.4261679,1.1001357,9.872491,0.06997828,-0.17488979,-1.1903465,41.427147,-19.271725,13.067363,162.0
14-02-16_12:16:26,-0.4261679,1.1001357,9.872491,-0.33908325,0.013662016,-0.44998768,41.427147,-19.271725,13.067363,162.0
14-02-16_12:16:26,-1.0235212,-0.48482585,12.864046,-0.33908325,0.013662016,-0.44998768,41.427147,-19.271725,13.067363,162.0
14-02-16_12:16:26,-1.0235212,-0.48482585,12.864046,-0.33908325,0.013662016,-0.44998768,41.427147,-19.271725,13.067363,154.0
14-02-16_12:16:26,-1.0235212,-0.48482585,12.864046,-0.33908325,0.013662016,-0.44998768,44.848408,-16.29519,13.531274,154.0
14-02-16_12:16:26,-1.0235212,-0.48482585,12.864046,0.036957484,-0.04812971,-0.3338773,44.848408,-16.29519,13.531274,154.0
14-02-16_12:16:26,-0.82360536,0.5638345,10.232818,0.036957484,-0.04812971,-0.3338773,44.848408,-16.29519,13.531274,154.0
14-02-16_12:16:26,-0.82360536,0.5638345,10.232818,0.036957484,-0.04812971,-0.3338773,44.848408,-16.29519,13.531274,150.0
14-02-16_12:16:26,-0.82360536,0.5638345,10.232818,0.036957484,-0.04812971,-0.3338773,47.4026,-12.6953,13.870199,150.0
14-02-16_12:16:26,-0.82360536,0.5638345,10.232818,-0.0653079,-0.30059737,0.05600947,47.4026,-12.6953,13.870199,150.0
14-02-16_12:16:26,-0.8726865,1.7513585,9.909601,-0.0653079,-0.30059737,0.05600947,47.4026,-12.6953,13.870199,150.0
14-02-16_12:16:26,-0.8726865,1.7513585,9.909601,-0.0653079,-0.30059737,0.05600947,47.4026,-12.6953,13.870199,148.0
14-02-16_12:16:26,-0.8726865,1.7513585,9.909601,-0.0653079,-0.30059737,0.05600947,48.80613,-8.95773,14.065841,148.0
14-02-16_12:16:26,-0.8726865,1.7513585,9.909601,-0.0653079,-0.30059737,0.05600947,48.80613,-8.95773,14.065841,144.0
14-02-16_12:16:26,-0.8726865,1.7513585,9.909601,0.062523834,-0.1024582,0.122055866,48.80613,-8.95773,14.065841,144.0
14-02-16_12:16:26,0.16639702,0.19871874,13.110648,0.062523834,-0.1024582,0.122055866,48.80613,-8.95773,14.065841,144.0
14-02-16_12:16:26,0.16639702,0.19871874,13.110648,0.062523834,-0.1024582,0.122055866,48.80613,-8.95773,14.065841,136.0
14-02-16_12:16:27,0.16639702,0.19871874,13.110648,0.062523834,-0.1024582,0.122055866,49.09359,-5.803569,14.113085,136.0
14-02-16_12:16:27,0.16639702,0.19871874,13.110648,0.075299814,0.098895684,-0.2529063,49.09359,-5.803569,14.113085,136.0
14-02-16_12:16:27,0.2693477,0.46686932,10.200497,0.075299814,0.098895684,-0.2529063,49.09359,-5.803569,14.113085,136.0
14-02-16_12:16:27,0.2693477,0.46686932,10.200497,0.075299814,0.098895684,-0.2529063,48.584927,-3.6926484,14.030614,136.0
14-02-16_12:16:27,0.2693477,0.46686932,10.200497,0.23508948,0.021131383,-0.026004968,48.584927,-3.6926484,14.030614,136.0
14-02-16_12:16:27,-0.022744916,1.3323733,10.172963,0.23508948,0.021131383,-0.026004968,48.584927,-3.6926484,14.030614,136.0
14-02-16_12:16:27,-0.022744916,1.3323733,10.172963,0.23508948,0.021131383,-0.026004968,47.846222,-2.580328,14.001495,136.0
14-02-16_12:16:27,-0.022744916,1.3323733,10.172963,0.23508948,0.021131383,-0.026004968,47.846222,-2.580328,14.001495,134.0
14-02-16_12:16:27,-0.022744916,1.3323733,10.172963,0.18608731,0.22353162,0.2861175,47.846222,-2.580328,14.001495,134.0
14-02-16_12:16:27,-1.5574282,1.174356,12.190078,0.18608731,0.22353162,0.2861175,47.846222,-2.580328,14.001495,134.0
14-02-16_12:16:27,-1.5574282,1.174356,12.190078,0.18608731,0.22353162,0.2861175,47.846222,-2.580328,14.001495,130.0
14-02-16_12:16:27,-1.5574282,1.174356,12.190078,0.18608731,0.22353162,0.2861175,47.333584,-2.3960643,14.185069,130.0
14-02-16_12:16:27,-1.5574282,1.174356,12.190078,0.18608731,0.22353162,0.2861175,47.333584,-2.3960643,14.185069,128.0
14-02-16_12:16:27,-1.5574282,1.174356,12.190078,-0.04188167,0.081857845,0.2882515,47.333584,-2.3960643,14.185069,128.0
14-02-16_12:16:27,-1.9512744,1.7345991,9.052477,-0.04188167,0.081857845,0.2882515,47.333584,-2.3960643,14.185069,128.0
14-02-16_12:16:27,-1.9512744,1.7345991,9.052477,-0.04188167,0.081857845,0.2882515,47.333584,-2.3960643,14.185069,116.0
14-02-16_12:16:27,-1.9512744,1.7345991,9.052477,-0.04188167,0.081857845,0.2882515,47.25309,-3.0214238,14.607089,116.0
14-02-16_12:16:27,-1.9512744,1.7345991,9.052477,-0.04188167,0.081857845,0.2882515,47.25309,-3.0214238,14.607089,110.0
14-02-16_12:16:27,-1.9512744,1.7345991,9.052477,-0.056795374,-0.09071499,0.33512312,47.25309,-3.0214238,14.607089,110.0
14-02-16_12:16:27,-0.25737667,2.1392193,10.188525,-0.056795374,-0.09071499,0.33512312,47.25309,-3.0214238,14.607089,110.0
14-02-16_12:16:28,-0.25737667,2.1392193,10.188525,-0.056795374,-0.09071499,0.33512312,47.625862,-4.0993557,15.19966,110.0
14-02-16_12:16:28,-0.25737667,2.1392193,10.188525,-0.056795374,-0.09071499,0.33512312,47.625862,-4.0993557,15.19966,102.0
14-02-16_12:16:28,-0.25737667,2.1392193,10.188525,0.019903667,-0.0022980417,-0.08459105,47.625862,-4.0993557,15.19966,102.0
14-02-16_12:16:28,-0.08499416,1.8579005,11.902774,0.019903667,-0.0022980417,-0.08459105,47.625862,-4.0993557,15.19966,102.0
14-02-16_12:16:28,-0.08499416,1.8579005,11.902774,0.019903667,-0.0022980417,-0.08459105,47.625862,-4.0993557,15.19966,88.0
14-02-16_12:16:28,-0.08499416,1.8579005,11.902774,0.019903667,-0.0022980417,-0.08459105,48.273273,-5.2542768,15.7893715,88.0
14-02-16_12:16:28,-0.08499416,1.8579005,11.902774,0.019903667,-0.0022980417,-0.08459105,48.273273,-5.2542768,15.7893715,76.0
14-02-16_12:16:28,-0.08499416,1.8579005,11.902774,-0.12284416,-0.086447805,-0.3519687,48.273273,-5.2542768,15.7893715,76.0
14-02-16_12:16:28,-0.0011971008,0.22385786,10.913968,-0.12284416,-0.086447805,-0.3519687,48.273273,-5.2542768,15.7893715,76.0
14-02-16_12:16:28,-0.0011971008,0.22385786,10.913968,-0.12284416,-0.086447805,-0.3519687,48.273273,-5.2542768,15.7893715,64.0
14-02-16_12:16:28,-0.0011971008,0.22385786,10.913968,-0.12284416,-0.086447805,-0.3519687,48.997925,-6.0358872,16.194994,64.0
14-02-16_12:16:28,-0.0011971008,0.22385786,10.913968,-0.12284416,-0.086447805,-0.3519687,48.997925,-6.0358872,16.194994,60.0
14-02-16_12:16:28,-0.0011971008,0.22385786,10.913968,0.042271823,-0.04809829,-0.52347624,48.997925,-6.0358872,16.194994,60.0
14-02-16_12:16:28,-0.22744916,1.4736311,9.968259,0.042271823,-0.04809829,-0.52347624,48.997925,-6.0358872,16.194994,60.0
14-02-16_12:16:28,-0.22744916,1.4736311,9.968259,0.042271823,-0.04809829,-0.52347624,48.997925,-6.0358872,16.194994,54.0
14-02-16_12:16:28,-0.22744916,1.4736311,9.968259,0.042271823,-0.04809829,-0.52347624,49.574768,-5.964867,16.292187,54.0
14-02-16_12:16:28,-0.22744916,1.4736311,9.968259,0.10618769,0.06162395,-0.34664237,49.574768,-5.964867,16.292187,54.0
14-02-16_12:16:28,-0.82240826,2.2218192,10.875661,0.10618769,0.06162395,-0.34664237,49.574768,-5.964867,16.292187,54.0
14-02-16_12:16:28,-0.82240826,2.2218192,10.875661,0.10618769,0.06162395,-0.34664237,49.574768,-5.964867,16.292187,62.0
14-02-16_12:16:28,-0.82240826,2.2218192,10.875661,0.10618769,0.06162395,-0.34664237,49.777134,-4.9893312,16.049631,62.0
14-02-16_12:16:28,-0.82240826,2.2218192,10.875661,0.10618769,0.06162395,-0.34664237,49.777134,-4.9893312,16.049631,74.0
14-02-16_12:16:28,-0.82240826,2.2218192,10.875661,-0.048275653,0.15962827,-0.44038564,49.777134,-4.9893312,16.049631,74.0
14-02-16_12:16:28,-1.4389153,1.2126632,9.915586,-0.048275653,0.15962827,-0.44038564,49.777134,-4.9893312,16.049631,74.0
14-02-16_12:16:28,-1.4389153,1.2126632,9.915586,-0.048275653,0.15962827,-0.44038564,49.777134,-4.9893312,16.049631,102.0
14-02-16_12:16:29,-1.4389153,1.2126632,9.915586,-0.048275653,0.15962827,-0.44038564,49.521397,-3.4367616,15.503131,102.0
14-02-16_12:16:29,-1.4389153,1.2126632,9.915586,-0.048275653,0.15962827,-0.44038564,49.521397,-3.4367616,15.503131,110.0
14-02-16_12:16:29,-1.4389153,1.2126632,9.915586,-0.044014595,-0.115209945,-0.047303066,49.521397,-3.4367616,15.503131,110.0
14-02-16_12:16:29,-0.01436521,1.7764976,10.007763,-0.044014595,-0.115209945,-0.047303066,49.521397,-3.4367616,15.503131,110.0
14-02-16_12:16:29,-0.01436521,1.7764976,10.007763,-0.044014595,-0.115209945,-0.047303066,49.521397,-3.4367616,15.503131,136.0
14-02-16_12:16:29,-0.01436521,1.7764976,10.007763,-0.044014595,-0.115209945,-0.047303066,48.874813,-1.6932606,14.705213,136.0
14-02-16_12:16:29,-0.01436521,1.7764976,10.007763,-0.044014595,-0.115209945,-0.047303066,48.874813,-1.6932606,14.705213,170.0
14-02-16_12:16:29,-0.01436521,1.7764976,10.007763,0.0699687,-0.18977846,-0.37327397,48.874813,-1.6932606,14.705213,170.0
14-02-16_12:16:29,-0.6631939,2.2218192,11.34253,0.0699687,-0.18977846,-0.37327397,48.874813,-1.6932606,14.705213,170.0
14-02-16_12:16:29,-0.6631939,2.2218192,11.34253,0.0699687,-0.18977846,-0.37327397,48.874813,-1.6932606,14.705213,208.0
14-02-16_12:16:29,-0.6631939,2.2218192,11.34253,0.0699687,-0.18977846,-0.37327397,47.87264,-0.17072399,13.705987,208.0
14-02-16_12:16:29,-0.6631939,2.2218192,11.34253,0.0699687,-0.18977846,-0.37327397,47.87264,-0.17072399,13.705987,228.0
14-02-16_12:16:29,-0.6631939,2.2218192,11.34253,0.002859436,-0.20682882,-0.394583,47.87264,-0.17072399,13.705987,228.0
14-02-16_12:16:29,0.44651863,0.39863458,10.664971,0.002859436,-0.20682882,-0.394583,47.87264,-0.17072399,13.705987,228.0
14-02-16_12:16:29,0.44651863,0.39863458,10.664971,0.002859436,-0.20682882,-0.394583,47.87264,-0.17072399,13.705987,296.0
14-02-16_12:16:29,0.44651863,0.39863458,10.664971,0.002859436,-0.20682882,-0.394583,46.288696,0.85415465,12.536245,296.0
14-02-16_12:16:29,0.44651863,0.39863458,10.664971,0.002859436,-0.20682882,-0.394583,46.288696,0.85415465,12.536245,316.0
14-02-16_12:16:29,0.44651863,0.39863458,10.664971,0.19993335,0.066944145,-0.2624902,46.288696,0.85415465,12.536245,316.0
14-02-16_12:16:29,-0.9888053,2.1523874,9.950302,0.19993335,0.066944145,-0.2624902,46.288696,0.85415465,12.536245,316.0
14-02-16_12:16:29,-0.9888053,2.1523874,9.950302,0.19993335,0.066944145,-0.2624902,46.288696,0.85415465,12.536245,370.0
14-02-16_12:16:29,-0.9888053,2.1523874,9.950302,0.19993335,0.066944145,-0.2624902,44.253834,1.1827883,11.326931,370.0
14-02-16_12:16:29,-0.9888053,2.1523874,9.950302,0.19993335,0.066944145,-0.2624902,44.253834,1.1827883,11.326931,392.0
14-02-16_12:16:29,-0.9888053,2.1523874,9.950302,0.18288912,0.17879692,0.48639068,44.253834,1.1827883,11.326931,392.0
14-02-16_12:16:29,-1.8794483,2.8694508,10.075998,0.18288912,0.17879692,0.48639068,44.253834,1.1827883,11.326931,392.0
14-02-16_12:16:29,-1.8794483,2.8694508,10.075998,0.18288912,0.17879692,0.48639068,44.253834,1.1827883,11.326931,454.0
14-02-16_12:16:30,-1.8794483,2.8694508,10.075998,0.18288912,0.17879692,0.48639068,42.620876,0.618975,10.329863,454.0
14-02-16_12:16:30,-1.8794483,2.8694508,10.075998,0.18288912,0.17879692,0.48639068,42.620876,0.618975,10.329863,582.0
14-02-16_12:16:30,-1.8794483,2.8694508,10.075998,-0.41899008,0.14578623,0.9625713,42.620876,0.618975,10.329863,582.0
14-02-16_12:16:30,-1.7417817,0.79726917,10.394426,-0.41899008,0.14578623,0.9625713,42.620876,0.618975,10.329863,582.0
14-02-16_12:16:30,-1.7417817,0.79726917,10.394426,-0.41899008,0.14578623,0.9625713,42.620876,0.618975,10.329863,786.0
14-02-16_12:16:30,-1.7417817,0.79726917,10.394426,-0.41899008,0.14578623,0.9625713,42.1877,-0.6965861,9.812995,786.0
14-02-16_12:16:30,-1.7417817,0.79726917,10.394426,-0.41899008,0.14578623,0.9625713,42.1877,-0.6965861,9.812995,868.0
14-02-16_12:16:30,-1.7417817,0.79726917,10.394426,0.036943104,-0.04702663,1.0914683,42.1877,-0.6965861,9.812995,868.0
14-02-16_12:16:30,-0.61291564,1.8531121,9.403227,0.036943104,-0.04702663,1.0914683,42.1877,-0.6965861,9.812995,868.0
14-02-16_12:16:30,-0.61291564,1.8531121,9.403227,0.036943104,-0.04702663,1.0914683,42.1877,-0.6965861,9.812995,1014.0
14-02-16_12:16:30,-0.61291564,1.8531121,9.403227,0.036943104,-0.04702663,1.0914683,43.05661,-2.4571567,9.875218,1014.0
14-02-16_12:16:30,-0.61291564,1.8531121,9.403227,0.036943104,-0.04702663,1.0914683,43.05661,-2.4571567,9.875218,1052.0
14-02-16_12:16:30,-0.61291564,1.8531121,9.403227,0.0145725515,-0.07046245,0.67814577,43.05661,-2.4571567,9.875218,1052.0
14-02-16_12:16:30,0.44771573,2.1452048,11.611878,0.0145725515,-0.07046245,0.67814577,43.05661,-2.4571567,9.875218,1052.0
14-02-16_12:16:30,0.44771573,2.1452048,11.611878,0.0145725515,-0.07046245,0.67814577,43.05661,-2.4571567,9.875218,1098.0
14-02-16_12:16:30,0.44771573,2.1452048,11.611878,0.0145725515,-0.07046245,0.67814577,44.6558,-4.609598,10.325415,1098.0
14-02-16_12:16:30,0.44771573,2.1452048,11.611878,0.0145725515,-0.07046245,0.67814577,44.6558,-4.609598,10.325415,1100.0
14-02-16_12:16:30,0.44771573,2.1452048,11.611878,-0.18357623,-0.14500593,0.298926,44.6558,-4.609598,10.325415,1100.0
14-02-16_12:16:30,0.2753332,1.1563994,9.69532,-0.18357623,-0.14500593,0.298926,44.6558,-4.609598,10.325415,1100.0
14-02-16_12:16:30,0.2753332,1.1563994,9.69532,-0.18357623,-0.14500593,0.298926,44.6558,-4.609598,10.325415,1110.0
14-02-16_12:16:30,0.2753332,1.1563994,9.69532,-0.18357623,-0.14500593,0.298926,46.353176,-6.9272413,10.913019,1110.0
14-02-16_12:16:30,0.2753332,1.1563994,9.69532,-0.18357623,-0.14500593,0.298926,46.353176,-6.9272413,10.913019,1078.0
14-02-16_12:16:30,0.2753332,1.1563994,9.69532,0.10297991,0.035023764,0.24992383,46.353176,-6.9272413,10.913019,1078.0
14-02-16_12:16:30,-0.61530983,1.5753847,10.065224,0.10297991,0.035023764,0.24992383,46.353176,-6.9272413,10.913019,1078.0
14-02-16_12:16:30,-0.61530983,1.5753847,10.065224,0.10297991,0.035023764,0.24992383,46.353176,-6.9272413,10.913019,1036.0
14-02-16_12:16:31,-0.61530983,1.5753847,10.065224,0.10297991,0.035023764,0.24992383,47.78618,-8.799,11.458176,1036.0
14-02-16_12:16:31,-0.61530983,1.5753847,10.065224,0.10297991,0.035023764,0.24992383,47.78618,-8.799,11.458176,1012.0
14-02-16_12:16:31,-0.61530983,1.5753847,10.065224,0.19778845,0.09148278,0.7442065,47.78618,-8.799,11.458176,1012.0
14-02-16_12:16:31,-0.6907272,1.5286977,9.838972,0.19778845,0.09148278,0.7442065,47.78618,-8.799,11.458176,1012.0
14-02-16_12:16:31,-0.6907272,1.5286977,9.838972,0.19778845,0.09148278,0.7442065,47.78618,-8.799,11.458176,918.0
14-02-16_12:16:31,-0.6907272,1.5286977,9.838972,0.19778845,0.09148278,0.7442065,48.594795,-9.9470625,11.8338995,918.0
14-02-16_12:16:31,-0.6907272,1.5286977,9.838972,0.19778845,0.09148278,0.7442065,48.594795,-9.9470625,11.8338995,882.0
14-02-16_12:16:31,-0.6907272,1.5286977,9.838972,-0.38916746,0.30984947,0.9902754,48.594795,-9.9470625,11.8338995,882.0
14-02-16_12:16:31,-1.9788077,0.045489833,11.479,-0.38916746,0.30984947,0.9902754,48.594795,-9.9470625,11.8338995,882.0
14-02-16_12:16:31,-1.9788077,0.045489833,11.479,-0.38916746,0.30984947,0.9902754,48.594795,-9.9470625,11.8338995,702.0
14-02-16_12:16:31,-1.9788077,0.045489833,11.479,-0.38916746,0.30984947,0.9902754,48.639965,-10.563462,12.070824,702.0
14-02-16_12:16:31,-1.9788077,0.045489833,11.479,-0.38916746,0.30984947,0.9902754,48.639965,-10.563462,12.070824,644.0
14-02-16_12:16:31,-1.9788077,0.045489833,11.479,0.06037413,0.022228073,1.1436735,48.639965,-10.563462,12.070824,644.0
14-02-16_12:16:31,-0.39624038,1.1264719,9.570822,0.06037413,0.022228073,1.1436735,48.639965,-10.563462,12.070824,644.0
14-02-16_12:16:31,-0.39624038,1.1264719,9.570822,0.06037413,0.022228073,1.1436735,48.639965,-10.563462,12.070824,574.0
14-02-16_12:16:31,-0.39624038,1.1264719,9.570822,0.06037413,0.022228073,1.1436735,48.154873,-10.886398,12.2440405,574.0
14-02-16_12:16:31,-0.39624038,1.1264719,9.570822,0.06037413,0.022228073,1.1436735,48.154873,-10.886398,12.2440405,506.0
14-02-16_12:16:31,-0.39624038,1.1264719,9.570822,0.0049803774,-0.087494165,0.738873,48.154873,-10.886398,12.2440405,506.0
14-02-16_12:16:31,0.09696517,1.910573,11.534067,0.0049803774,-0.087494165,0.738873,48.154873,-10.886398,12.2440405,506.0
14-02-16_12:16:31,0.09696517,1.910573,11.534067,0.0049803774,-0.087494165,0.738873,48.154873,-10.886398,12.2440405,416.0
14-02-16_12:16:31,0.09696517,1.910573,11.534067,0.0049803774,-0.087494165,0.738873,47.306362,-11.269182,12.3442955,416.0
14-02-16_12:16:31,0.09696517,1.910573,11.534067,0.0049803774,-0.087494165,0.738873,47.306362,-11.269182,12.3442955,324.0
14-02-16_12:16:31,0.09696517,1.910573,11.534067,-0.0067351344,-0.10667504,0.20730232,47.306362,-11.269182,12.3442955,324.0
14-02-16_12:16:31,0.094570965,0.5662287,9.672575,-0.0067351344,-0.10667504,0.20730232,47.306362,-11.269182,12.3442955,324.0
14-02-16_12:16:31,0.094570965,0.5662287,9.672575,-0.0067351344,-0.10667504,0.20730232,47.306362,-11.269182,12.3442955,242.0
14-02-16_12:16:32,0.094570965,0.5662287,9.672575,-0.0067351344,-0.10667504,0.20730232,46.1141,-11.959428,12.299131,242.0
14-02-16_12:16:32,0.094570965,0.5662287,9.672575,-0.0067351344,-0.10667504,0.20730232,46.1141,-11.959428,12.299131,202.0
14-02-16_12:16:32,0.094570965,0.5662287,9.672575,0.18607773,-0.00867072,-0.07073169,46.1141,-11.959428,12.299131,202.0
14-02-16_12:16:32,0.19991584,0.8295909,8.546103,0.18607773,-0.00867072,-0.07073169,46.1141,-11.959428,12.299131,202.0
14-02-16_12:16:32,0.19991584,0.8295909,8.546103,0.18607773,-0.00867072,-0.07073169,46.1141,-11.959428,12.299131,142.0
14-02-16_12:16:32,0.19991584,0.8295909,8.546103,0.18607773,-0.00867072,-0.07073169,44.787483,-12.998035,12.036749,142.0
14-02-16_12:16:32,0.19991584,0.8295909,8.546103,0.18607773,-0.00867072,-0.07073169,44.787483,-12.998035,12.036749,134.0
14-02-16_12:16:32,0.19991584,0.8295909,8.546103,0.031614386,0.19479479,0.0027715517,44.787483,-12.998035,12.036749,134.0
14-02-16_12:16:32,0.19871874,1.3982137,11.57836,0.031614386,0.19479479,0.0027715517,44.787483,-12.998035,12.036749,134.0
14-02-16_12:16:32,0.19871874,1.3982137,11.57836,0.031614386,0.19479479,0.0027715517,44.787483,-12.998035,12.036749,126.0
14-02-16_12:16:32,0.19871874,1.3982137,11.57836,0.031614386,0.19479479,0.0027715517,43.7418,-14.5335245,11.623591,126.0
14-02-16_12:16:32,0.19871874,1.3982137,11.57836,0.031614386,0.19479479,0.0027715517,43.7418,-14.5335245,11.623591,116.0
14-02-16_12:16:32,0.19871874,1.3982137,11.57836,-0.3039511,0.28962195,0.09119942,43.7418,-14.5335245,11.623591,116.0
14-02-16_12:16:32,-2.4636335,0.2669535,10.336966,-0.3039511,0.28962195,0.09119942,43.7418,-14.5335245,11.623591,116.0
14-02-16_12:16:32,-2.4636335,0.2669535,10.336966,-0.3039511,0.28962195,0.09119942,43.7418,-14.5335245,11.623591,90.0
14-02-16_12:16:32,-2.4636335,0.2669535,10.336966,-0.3039511,0.28962195,0.09119942,43.33421,-16.505472,11.269702,90.0
14-02-16_12:16:32,-2.4636335,0.2669535,10.336966,-0.3039511,0.28962195,0.09119942,43.33421,-16.505472,11.269702,64.0
14-02-16_12:16:32,-2.4636335,0.2669535,10.336966,0.019889286,-0.03847948,0.33621025,43.33421,-16.505472,11.269702,64.0
14-02-16_12:16:32,-1.067814,1.1145009,9.323022,0.019889286,-0.03847948,0.33621025,43.33421,-16.505472,11.269702,64.0
14-02-16_12:16:32,-1.067814,1.1145009,9.323022,0.019889286,-0.03847948,0.33621025,43.33421,-16.505472,11.269702,54.0
14-02-16_12:16:32,-1.067814,1.1145009,9.323022,0.019889286,-0.03847948,0.33621025,43.600735,-18.584175,11.179128,54.0
14-02-16_12:16:32,-1.067814,1.1145009,9.323022,0.12215467,-0.23448813,0.23714064,43.600735,-18.584175,11.179128,54.0
14-02-16_12:16:32,0.7326257,1.3718776,11.909956,0.12215467,-0.23448813,0.23714064,43.600735,-18.584175,11.179128,54.0
14-02-16_12:16:32,0.7326257,1.3718776,11.909956,0.12215467,-0.23448813,0.23714064,43.600735,-18.584175,11.179128,44.0
14-02-16_12:16:33,0.7326257,1.3718776,11.909956,0.12215467,-0.23448813,0.23714064,43.946743,-20.58279,11.339465,44.0
14-02-16_12:16:33,0.7326257,1.3718776,11.909956,0.12215467,-0.23448813,0.23714064,43.946743,-20.58279,11.339465,40.0
14-02-16_12:16:33,0.7326257,1.3718776,11.909956,-0.025914688,-0.11518464,-0.38710776,43.946743,-20.58279,11.339465,40.0
14-02-16_12:16:33,0.11971009,0.5327099,9.179369,-0.025914688,-0.11518464,-0.38710776,43.946743,-20.58279,11.339465,40.0
14-02-16_12:16:33,0.11971009,0.5327099,9.179369,-0.025914688,-0.11518464,-0.38710776,43.946743,-20.58279,11.339465,38.0
14-02-16_12:16:33,0.11971009,0.5327099,9.179369,-0.025914688,-0.11518464,-0.38710776,43.594147,-22.44443,11.604389,38.0
14-02-16_12:16:33,0.11971009,0.5327099,9.179369,-0.025914688,-0.11518464,-0.38710776,43.594147,-22.44443,11.604389,40.0
14-02-16_12:16:33,0.11971009,0.5327099,9.179369,0.20737822,0.23954841,-0.5831164,43.594147,-22.44443,11.604389,40.0
14-02-16_12:16:33,-0.6607997,0.92176765,9.169792,0.20737822,0.23954841,-0.5831164,43.594147,-22.44443,11.604389,40.0
14-02-16_12:16:33,-0.6607997,0.92176765,9.169792,0.20737822,0.23954841,-0.5831164,42.598297,-24.053577,11.924555,40.0
14-02-16_12:16:33,-0.6607997,0.92176765,9.169792,0.20737822,0.23954841,-0.5831164,42.598297,-24.053577,11.924555,44.0
14-02-16_12:16:33,-0.6607997,0.92176765,9.169792,0.04545803,0.11065141,-0.21453494,42.598297,-24.053577,11.924555,44.0
14-02-16_12:16:33,-0.9636662,1.5286977,11.767501,0.04545803,0.11065141,-0.21453494,42.598297,-24.053577,11.924555,44.0
14-02-16_12:16:33,-0.9636662,1.5286977,11.767501,0.04545803,0.11065141,-0.21453494,42.598297,-24.053577,11.924555,46.0
14-02-16_12:16:33,-0.9636662,1.5286977,11.767501,0.04545803,0.11065141,-0.21453494,41.657337,-25.248333,12.323193,46.0
14-02-16_12:16:33,-0.9636662,1.5286977,11.767501,0.04545803,0.11065141,-0.21453494,41.657337,-25.248333,12.323193,48.0
14-02-16_12:16:33,-0.9636662,1.5286977,11.767501,-0.24323103,-0.041675273,0.20198692,41.657337,-25.248333,12.323193,48.0
14-02-16_12:16:33,-1.7764976,0.7649474,10.084377,-0.24323103,-0.041675273,0.20198692,41.657337,-25.248333,12.323193,48.0
14-02-16_12:16:33,-1.7764976,0.7649474,10.084377,-0.24323103,-0.041675273,0.20198692,41.657337,-25.248333,12.323193,56.0
14-02-16_12:16:33,-1.7764976,0.7649474,10.084377,-0.24323103,-0.041675273,0.20198692,41.15155,-25.827215,12.795863,56.0
14-02-16_12:16:33,-1.7764976,0.7649474,10.084377,-0.24323103,-0.041675273,0.20198692,41.15155,-25.827215,12.795863,60.0
14-02-16_12:16:33,-1.7764976,0.7649474,10.084377,0.17009157,-0.097069025,0.3521892,41.15155,-25.827215,12.795863,60.0
14-02-16_12:16:33,-0.6727707,1.34195,8.641871,0.17009157,-0.097069025,0.3521892,41.15155,-25.827215,12.795863,60.0
14-02-16_12:16:33,-0.6727707,1.34195,8.641871,0.17009157,-0.097069025,0.3521892,41.15155,-25.827215,12.795863,62.0
14-02-16_12:16:34,-0.6727707,1.34195,8.641871,0.17009157,-0.097069025,0.3521892,40.887745,-25.807663,13.2928,62.0
14-02-16_12:16:34,-0.6727707,1.34195,8.641871,-0.2347089,-0.15139751,0.124222614,40.887745,-25.807663,13.2928,62.0
14-02-16_12:16:34,-0.108936176,1.3323733,12.702437,-0.2347089,-0.15139751,0.124222614,40.887745,-25.807663,13.2928,62.0
14-02-16_12:16:34,-0.108936176,1.3323733,12.702437,-0.2347089,-0.15139751,0.124222614,40.887745,-25.807663,13.2928,56.0
14-02-16_12:16:34,-0.108936176,1.3323733,12.702437,-0.2347089,-0.15139751,0.124222614,40.3216,-25.464933,13.711201,56.0
14-02-16_12:16:34,-0.108936176,1.3323733,12.702437,-0.2347089,-0.15139751,0.124222614,40.3216,-25.464933,13.711201,62.0
14-02-16_12:16:34,-0.108936176,1.3323733,12.702437,0.062490277,-0.061890267,-0.39987284,40.3216,-25.464933,13.711201,62.0
14-02-16_12:16:34,-0.17956513,0.39025488,10.111911,0.062490277,-0.061890267,-0.39987284,40.3216,-25.464933,13.711201,62.0
14-02-16_12:16:34,-0.17956513,0.39025488,10.111911,0.062490277,-0.061890267,-0.39987284,40.3216,-25.464933,13.711201,66.0
14-02-16_12:16:34,-0.17956513,0.39025488,10.111911,0.062490277,-0.061890267,-0.39987284,39.203526,-24.837759,13.926789,66.0
14-02-16_12:16:34,-0.17956513,0.39025488,10.111911,0.062490277,-0.061890267,-0.39987284,39.203526,-24.837759,13.926789,64.0
14-02-16_12:16:34,-0.17956513,0.39025488,10.111911,0.22973679,-0.016083894,-0.24860528,39.203526,-24.837759,13.926789,64.0
14-02-16_12:16:34,-0.8858546,1.5119383,7.7093296,0.22973679,-0.016083894,-0.24860528,39.203526,-24.837759,13.926789,64.0
14-02-16_12:16:34,-0.8858546,1.5119383,7.7093296,0.22973679,-0.016083894,-0.24860528,37.952457,-23.976196,13.969845,64.0
14-02-16_12:16:34,-0.8858546,1.5119383,7.7093296,-0.15801947,0.06913726,0.4470124,37.952457,-23.976196,13.969845,64.0
14-02-16_12:16:34,-0.46806642,0.5566519,11.963826,-0.15801947,0.06913726,0.4470124,37.952457,-23.976196,13.969845,64.0
14-02-16_12:16:34,-0.46806642,0.5566519,11.963826,-0.15801947,0.06913726,0.4470124,37.952457,-23.976196,13.969845,60.0
14-02-16_12:16:34,-0.46806642,0.5566519,11.963826,-0.15801947,0.06913726,0.4470124,37.00101,-23.222736,13.996209,60.0
14-02-16_12:16:34,-0.46806642,0.5566519,11.963826,-0.15801947,0.06913726,0.4470124,37.00101,-23.222736,13.996209,58.0
14-02-16_12:16:34,-0.46806642,0.5566519,11.963826,-0.26667404,0.08937116,0.6259731,37.00101,-23.222736,13.996209,58.0
14-02-16_12:16:34,-2.1559787,0.044292733,10.746374,-0.26667404,0.08937116,0.6259731,37.00101,-23.222736,13.996209,58.0
14-02-16_12:16:34,-2.1559787,0.044292733,10.746374,-0.26667404,0.08937116,0.6259731,37.00101,-23.222736,13.996209,56.0
14-02-16_12:16:35,-2.1559787,0.044292733,10.746374,-0.26667404,0.08937116,0.6259731,36.34801,-22.57933,14.001134,56.0
14-02-16_12:16:35,-2.1559787,0.044292733,10.746374,-0.26667404,0.08937116,0.6259731,36.34801,-22.57933,14.001134,54.0
14-02-16_12:16:35,-2.1559787,0.044292733,10.746374,0.18286756,-0.12687752,0.9498135,36.34801,-22.57933,14.001134,54.0
14-02-16_12:16:35,-0.32800564,1.13964,9.1590185,0.18286756,-0.12687752,0.9498135,36.34801,-22.57933,14.001134,54.0
14-02-16_12:16:35,-0.32800564,1.13964,9.1590185,0.18286756,-0.12687752,0.9498135,35.702885,-21.868423,13.8793745,54.0
14-02-16_12:16:35,-0.32800564,1.13964,9.1590185,0.18286756,-0.12687752,0.9498135,35.702885,-21.868423,13.8793745,52.0
14-02-16_12:16:35,-0.32800564,1.13964,9.1590185,-0.028054804,-0.10131118,0.49281502,35.702885,-21.868423,13.8793745,52.0
14-02-16_12:16:35,0.17597382,1.7741034,12.008119,-0.028054804,-0.10131118,0.49281502,35.702885,-21.868423,13.8793745,52.0
14-02-16_12:16:35,0.17597382,1.7741034,12.008119,-0.028054804,-0.10131118,0.49281502,35.702885,-21.868423,13.8793745,48.0
14-02-16_12:16:35,0.17597382,1.7741034,12.008119,-0.028054804,-0.10131118,0.49281502,34.64487,-21.290749,13.655234,48.0
14-02-16_12:16:35,0.17597382,1.7741034,12.008119,-0.028054804,-0.10131118,0.49281502,34.64487,-21.290749,13.655234,46.0
14-02-16_12:16:35,0.17597382,1.7741034,12.008119,0.18286756,0.005215268,-0.19534579,34.64487,-21.290749,13.655234,46.0
14-02-16_12:16:35,0.075417355,0.7613561,9.976639,0.18286756,0.005215268,-0.19534579,34.64487,-21.290749,13.655234,46.0
14-02-16_12:16:35,0.075417355,0.7613561,9.976639,0.18286756,0.005215268,-0.19534579,34.64487,-21.290749,13.655234,42.0
14-02-16_12:16:35,0.075417355,0.7613561,9.976639,0.18286756,0.005215268,-0.19534579,33.145477,-21.039524,13.41832,42.0
14-02-16_12:16:35,0.075417355,0.7613561,9.976639,0.18286756,0.005215268,-0.19534579,33.145477,-21.039524,13.41832,40.0
14-02-16_12:16:35,0.075417355,0.7613561,9.976639,0.18606335,0.31414196,-0.08029724,33.145477,-21.039524,13.41832,40.0
14-02-16_12:16:35,-0.62728083,1.0295067,9.279925,0.18606335,0.31414196,-0.08029724,33.145477,-21.039524,13.41832,40.0
14-02-16_12:16:35,-0.62728083,1.0295067,9.279925,0.18606335,0.31414196,-0.08029724,33.145477,-21.039524,13.41832,34.0
14-02-16_12:16:35,-0.62728083,1.0295067,9.279925,0.18606335,0.31414196,-0.08029724,31.872324,-21.241377,13.3211775,34.0
14-02-16_12:16:35,-0.62728083,1.0295067,9.279925,0.074210584,-0.013959492,0.107189305,31.872324,-21.241377,13.3211775,34.0
14-02-16_12:16:35,-1.3060371,1.8375498,10.981006,0.074210584,-0.013959492,0.107189305,31.872324,-21.241377,13.3211775,34.0
14-02-16_12:16:35,-1.3060371,1.8375498,10.981006,0.074210584,-0.013959492,0.107189305,31.872324,-21.241377,13.3211775,40.0
14-02-16_12:16:36,-1.3060371,1.8375498,10.981006,0.074210584,-0.013959492,0.107189305,31.396387,-21.99906,13.49972,40.0
14-02-16_12:16:36,-1.3060371,1.8375498,10.981006,0.074210584,-0.013959492,0.107189305,31.396387,-21.99906,13.49972,34.0
14-02-16_12:16:36,-1.3060371,1.8375498,10.981006,-0.4019722,0.15863837,0.3447579,31.396387,-21.99906,13.49972,34.0
14-02-16_12:16:36,-2.3918076,0.4357447,10.437522,-0.4019722,0.15863837,0.3447579,31.396387,-21.99906,13.49972,34.0
14-02-16_12:16:36,-2.3918076,0.4357447,10.437522,-0.4019722,0.15863837,0.3447579,31.396387,-21.99906,13.49972,30.0
14-02-16_12:16:36,-2.3918076,0.4357447,10.437522,-0.4019722,0.15863837,0.3447579,31.609848,-23.012419,13.840566,30.0
14-02-16_12:16:36,-2.3918076,0.4357447,10.437522,0.16794427,-0.027782895,0.4864381,31.609848,-23.012419,13.840566,30.0
14-02-16_12:16:36,-0.2896984,1.1504139,9.607931,0.16794427,-0.027782895,0.4864381,31.609848,-23.012419,13.840566,30.0
14-02-16_12:16:36,-0.2896984,1.1504139,9.607931,0.16794427,-0.027782895,0.4864381,31.609848,-23.012419,13.840566,32.0
14-02-16_12:16:36,-0.2896984,1.1504139,9.607931,0.16794427,-0.027782895,0.4864381,32.036083,-23.831818,14.158459,32.0
14-02-16_12:16:36,-0.2896984,1.1504139,9.607931,0.16794427,-0.027782895,0.4864381,32.036083,-23.831818,14.158459,30.0
14-02-16_12:16:36,-0.2896984,1.1504139,9.607931,0.076331526,-0.29622954,-0.22302802,32.036083,-23.831818,14.158459,30.0
14-02-16_12:16:36,-0.30286652,1.8770541,11.107899,0.076331526,-0.29622954,-0.22302802,32.036083,-23.831818,14.158459,30.0
14-02-16_12:16:36,-0.30286652,1.8770541,11.107899,0.076331526,-0.29622954,-0.22302802,32.036083,-23.831818,14.158459,26.0
14-02-16_12:16:36,-0.30286652,1.8770541,11.107899,0.076331526,-0.29622954,-0.22302802,32.07541,-24.40462,14.435453,26.0
14-02-16_12:16:36,-0.30286652,1.8770541,11.107899,0.076331526,-0.29622954,-0.22302802,32.07541,-24.40462,14.435453,24.0
14-02-16_12:16:36,-0.30286652,1.8770541,11.107899,-0.03126498,-0.10873047,-0.7045201,32.07541,-24.40462,14.435453,24.0
14-02-16_12:16:36,-0.18555063,1.602918,8.793902,-0.03126498,-0.10873047,-0.7045201,32.07541,-24.40462,14.435453,24.0
14-02-16_12:16:36,-0.18555063,1.602918,8.793902,-0.03126498,-0.10873047,-0.7045201,32.07541,-24.40462,14.435453,26.0
14-02-16_12:16:36,-0.18555063,1.602918,8.793902,-0.03126498,-0.10873047,-0.7045201,31.46029,-24.93596,14.704066,26.0
14-02-16_12:16:36,-0.18555063,1.602918,8.793902,-0.03126498,-0.10873047,-0.7045201,31.46029,-24.93596,14.704066,20.0
14-02-16_12:16:36,-0.18555063,1.602918,8.793902,0.004954012,0.079821326,-0.3210249,31.46029,-24.93596,14.704066,20.0
14-02-16_12:16:36,0.009576807,1.2593501,9.872491,0.004954012,0.079821326,-0.3210249,31.46029,-24.93596,14.704066,20.0
14-02-16_12:16:36,0.009576807,1.2593501,9.872491,0.004954012,0.079821326,-0.3210249,31.46029,-24.93596,14.704066,12.0
14-02-16_12:16:37,0.009576807,1.2593501,9.872491,0.004954012,0.079821326,-0.3210249,30.712118,-25.499023,14.956736,12.0
14-02-16_12:16:37,0.009576807,1.2593501,9.872491,0.004954012,0.079821326,-0.3210249,30.712118,-25.499023,14.956736,14.0
14-02-16_12:16:37,0.009576807,1.2593501,9.872491,0.23718166,0.094735034,0.07205768,30.712118,-25.499023,14.956736,14.0
14-02-16_12:16:37,-0.20111294,1.5023615,11.026496,0.23718166,0.094735034,0.07205768,30.712118,-25.499023,14.956736,14.0
14-02-16_12:16:37,-0.20111294,1.5023615,11.026496,0.23718166,0.094735034,0.07205768,30.712118,-25.499023,14.956736,12.0
14-02-16_12:16:37,-0.20111294,1.5023615,11.026496,0.23718166,0.094735034,0.07205768,30.41966,-26.130724,15.217758,12.0
14-02-16_12:16:37,-0.20111294,1.5023615,11.026496,-0.2933224,0.06704455,0.06886535,30.41966,-26.130724,15.217758,12.0
14-02-16_12:16:37,-1.8507179,1.2964603,10.532093,-0.2933224,0.06704455,0.06886535,30.41966,-26.130724,15.217758,12.0
14-02-16_12:16:37,-1.8507179,1.2964603,10.532093,-0.2933224,0.06704455,0.06886535,30.41966,-26.130724,15.217758,24.0
14-02-16_12:16:37,-1.8507179,1.2964603,10.532093,-0.2933224,0.06704455,0.06886535,30.559452,-26.802122,15.472337,24.0
14-02-16_12:16:37,-1.8507179,1.2964603,10.532093,-0.2933224,0.06704455,0.06886535,30.559452,-26.802122,15.472337,28.0
14-02-16_12:16:37,-1.8507179,1.2964603,10.532093,0.015604259,-0.12896411,0.37885728,30.559452,-26.802122,15.472337,28.0
14-02-16_12:16:37,-0.557849,1.7776948,8.615535,0.015604259,-0.12896411,0.37885728,30.559452,-26.802122,15.472337,28.0
14-02-16_12:16:37,-0.557849,1.7776948,8.615535,0.015604259,-0.12896411,0.37885728,30.559452,-26.802122,15.472337,40.0
14-02-16_12:16:37,-0.557849,1.7776948,8.615535,0.015604259,-0.12896411,0.37885728,30.869762,-27.293587,15.599211,40.0
14-02-16_12:16:37,-0.557849,1.7776948,8.615535,0.015604259,-0.12896411,0.37885728,30.869762,-27.293587,15.599211,44.0
14-02-16_12:16:37,-0.557849,1.7776948,8.615535,-0.089856915,-0.058656655,0.2829835,30.869762,-27.293587,15.599211,44.0
14-02-16_12:16:37,0.8595184,1.1575965,12.113463,-0.089856915,-0.058656655,0.2829835,30.869762,-27.293587,15.599211,44.0
14-02-16_12:16:37,0.8595184,1.1575965,12.113463,-0.089856915,-0.058656655,0.2829835,30.869762,-27.293587,15.599211,46.0
14-02-16_12:16:37,0.8595184,1.1575965,12.113463,-0.089856915,-0.058656655,0.2829835,30.97739,-27.469864,15.516261,46.0
14-02-16_12:16:37,0.8595184,1.1575965,12.113463,-0.089856915,-0.058656655,0.2829835,30.97739,-27.469864,15.516261,48.0
14-02-16_12:16:37,0.8595184,1.1575965,12.113463,-0.054691207,0.038250983,-0.5703114,30.97739,-27.469864,15.516261,48.0
14-02-16_12:16:37,0.9756372,0.48003745,9.927557,-0.054691207,0.038250983,-0.5703114,30.97739,-27.469864,15.516261,48.0
14-02-16_12:16:37,0.9756372,0.48003745,9.927557,-0.054691207,0.038250983,-0.5703114,30.97739,-27.469864,15.516261,54.0
14-02-16_12:16:38,0.9756372,0.48003745,9.927557,-0.054691207,0.038250983,-0.5703114,30.620502,-27.320498,15.250548,54.0
14-02-16_12:16:38,0.9756372,0.48003745,9.927557,-0.054691207,0.038250983,-0.5703114,30.620502,-27.320498,15.250548,64.0
14-02-16_12:16:38,0.9756372,0.48003745,9.927557,0.2712797,0.15862586,-0.9346318,30.620502,-27.320498,15.250548,64.0
14-02-16_12:16:38,0.48602295,0.34955344,8.622718,0.2712797,0.15862586,-0.9346318,30.620502,-27.320498,15.250548,64.0
14-02-16_12:16:38,0.48602295,0.34955344,8.622718,0.2712797,0.15862586,-0.9346318,30.620502,-27.320498,15.250548,74.0
14-02-16_12:16:38,0.48602295,0.34955344,8.622718,0.2712797,0.15862586,-0.9346318,30.326859,-26.921461,14.90891,74.0
14-02-16_12:16:38,0.48602295,0.34955344,8.622718,0.061422613,-0.018208032,-0.6193136,30.326859,-26.921461,14.90891,74.0
14-02-16_12:16:38,-0.5506664,1.5394717,11.23958,0.061422613,-0.018208032,-0.6193136,30.326859,-26.921461,14.90891,74.0
14-02-16_12:16:38,-0.5506664,1.5394717,11.23958,0.061422613,-0.018208032,-0.6193136,30.326859,-26.921461,14.90891,82.0
14-02-16_12:16:38,-0.5506664,1.5394717,11.23958,0.061422613,-0.018208032,-0.6193136,30.913342,-26.46568,14.623385,82.0
14-02-16_12:16:38,-0.5506664,1.5394717,11.23958,0.061422613,-0.018208032,-0.6193136,30.913342,-26.46568,14.623385,94.0
14-02-16_12:16:38,-0.5506664,1.5394717,11.23958,-0.3423198,-0.14921665,-0.2890707,30.913342,-26.46568,14.623385,94.0
14-02-16_12:16:38,-0.5303157,1.1731589,9.546879,-0.3423198,-0.14921665,-0.2890707,30.913342,-26.46568,14.623385,94.0
14-02-16_12:16:38,-0.5303157,1.1731589,9.546879,-0.3423198,-0.14921665,-0.2890707,30.913342,-26.46568,14.623385,88.0
14-02-16_12:16:38,-0.5303157,1.1731589,9.546879,-0.3423198,-0.14921665,-0.2890707,32.447395,-25.932806,14.421181,88.0
14-02-16_12:16:38,-0.5303157,1.1731589,9.546879,0.31175256,0.1341437,-0.8248987,32.447395,-25.932806,14.421181,88.0
14-02-16_12:16:38,0.9792285,0.51116204,8.963891,0.31175256,0.1341437,-0.8248987,32.447395,-25.932806,14.421181,88.0
14-02-16_12:16:38,0.9792285,0.51116204,8.963891,0.31175256,0.1341437,-0.8248987,32.447395,-25.932806,14.421181,106.0
14-02-16_12:16:38,0.9792285,0.51116204,8.963891,0.31175256,0.1341437,-0.8248987,34.50972,-25.171686,14.25756,106.0
14-02-16_12:16:38,0.9792285,0.51116204,8.963891,0.31175256,0.1341437,-0.8248987,34.50972,-25.171686,14.25756,110.0
14-02-16_12:16:38,0.9792285,0.51116204,8.963891,0.13917972,-0.012862802,-1.9476874,34.50972,-25.171686,14.25756,110.0
14-02-16_12:16:38,0.6703765,-0.6631939,11.233594,0.13917972,-0.012862802,-1.9476874,34.50972,-25.171686,14.25756,110.0
14-02-16_12:16:38,0.6703765,-0.6631939,11.233594,0.13917972,-0.012862802,-1.9476874,34.50972,-25.171686,14.25756,128.0
14-02-16_12:16:39,0.6703765,-0.6631939,11.233594,0.13917972,-0.012862802,-1.9476874,36.910954,-24.122314,14.153001,128.0
14-02-16_12:16:39,0.6703765,-0.6631939,11.233594,0.13917972,-0.012862802,-1.9476874,36.910954,-24.122314,14.153001,124.0
14-02-16_12:16:39,0.6703765,-0.6631939,11.233594,0.17858972,0.09154563,-3.0885785,36.910954,-24.122314,14.153001,124.0
14-02-16_12:16:39,-0.074220255,-2.2780828,11.603498,0.17858972,0.09154563,-3.0885785,36.910954,-24.122314,14.153001,124.0
14-02-16_12:16:39,-0.074220255,-2.2780828,11.603498,0.17858972,0.09154563,-3.0885785,36.910954,-24.122314,14.153001,96.0
14-02-16_12:16:39,-0.074220255,-2.2780828,11.603498,0.17858972,0.09154563,-3.0885785,39.83173,-22.285234,14.196325,96.0
14-02-16_12:16:39,-0.074220255,-2.2780828,11.603498,0.17858972,0.09154563,-3.0885785,39.83173,-22.285234,14.196325,82.0
14-02-16_12:16:39,-0.074220255,-2.2780828,11.603498,0.41188264,-0.19607577,-2.9671383,39.83173,-22.285234,14.196325,82.0
14-02-16_12:16:39,-0.02873042,-2.9951463,11.046846,0.41188264,-0.19607577,-2.9671383,39.83173,-22.285234,14.196325,82.0
14-02-16_12:16:39,-0.02873042,-2.9951463,11.046846,0.41188264,-0.19607577,-2.9671383,39.83173,-22.285234,14.196325,64.0
14-02-16_12:16:39,-0.02873042,-2.9951463,11.046846,0.41188264,-0.19607577,-2.9671383,43.205982,-18.786057,14.408923,64.0
14-02-16_12:16:39,-0.02873042,-2.9951463,11.046846,0.41188264,-0.19607577,-2.9671383,43.205982,-18.786057,14.408923,50.0
14-02-16_12:16:39,-0.02873042,-2.9951463,11.046846,0.3138783,-0.4762403,-2.3791122,43.205982,-18.786057,14.408923,50.0
14-02-16_12:16:39,-1.1659763,-0.12449849,10.860099,0.3138783,-0.4762403,-2.3791122,43.205982,-18.786057,14.408923,50.0
14-02-16_12:16:39,-1.1659763,-0.12449849,10.860099,0.3138783,-0.4762403,-2.3791122,43.205982,-18.786057,14.408923,8.0
14-02-16_12:16:39,-1.1659763,-0.12449849,10.860099,0.3138783,-0.4762403,-2.3791122,45.955643,-13.321762,14.586048,8.0
14-02-16_12:16:39,-1.1659763,-0.12449849,10.860099,0.3138783,-0.4762403,-2.3791122,45.955643,-13.321762,14.586048,10.0
14-02-16_12:16:39,-1.1659763,-0.12449849,10.860099,0.029452696,-0.5358951,-1.6430146,45.955643,-13.321762,14.586048,10.0
14-02-16_12:16:39,-1.7130513,1.5622166,10.010158,0.029452696,-0.5358951,-1.6430146,45.955643,-13.321762,14.586048,10.0
14-02-16_12:16:39,-1.7130513,1.5622166,10.010158,0.029452696,-0.5358951,-1.6430146,45.955643,-13.321762,14.586048,36.0
14-02-16_12:16:39,-1.7130513,1.5622166,10.010158,0.029452696,-0.5358951,-1.6430146,46.55952,-6.6645064,14.447237,36.0
14-02-16_12:16:39,-1.7130513,1.5622166,10.010158,0.029452696,-0.5358951,-1.6430146,46.55952,-6.6645064,14.447237,48.0
14-02-16_12:16:39,-1.7130513,1.5622166,10.010158,0.1764592,-0.10765882,-1.0102475,46.55952,-6.6645064,14.447237,48.0
14-02-16_12:16:39,-1.7537527,1.5957354,11.155783,0.1764592,-0.10765882,-1.0102475,46.55952,-6.6645064,14.447237,48.0
14-02-16_12:16:39,-1.7537527,1.5957354,11.155783,0.1764592,-0.10765882,-1.0102475,46.55952,-6.6645064,14.447237,50.0
