14-02-16_12:17:55,el X,el Y,el Z,o X,o Y,o Z,net X,net Y,net Z,184.0
14-02-16_12:17:55,el X,el Y,el Z,o X,o Y,o Z,8.499481,-20.498749,14.999086,184.0
14-02-16_12:17:55,el X,el Y,el Z,o X,o Y,o Z,8.499481,-20.498749,14.999086,196.0
14-02-16_12:17:55,el X,el Y,el Z,1.936118E-4,-0.043599676,-0.29003796,8.499481,-20.498749,14.999086,196.0
14-02-16_12:17:55,0.034715924,1.8459295,10.425551,1.936118E-4,-0.043599676,-0.29003796,8.499481,-20.498749,14.999086,196.0
14-02-16_12:17:55,0.034715924,1.8459295,10.425551,1.936118E-4,-0.043599676,-0.29003796,8.499481,-20.498749,14.999086,192.0
14-02-16_12:17:55,0.034715924,1.8459295,10.425551,1.936118E-4,-0.043599676,-0.29003796,8.573712,-20.564732,14.974342,192.0
14-02-16_12:17:55,0.034715924,1.8459295,10.425551,1.936118E-4,-0.043599676,-0.29003796,8.573712,-20.564732,14.974342,186.0
14-02-16_12:17:55,0.034715924,1.8459295,10.425551,0.020433636,0.020316191,-0.026917635,8.573712,-20.564732,14.974342,186.0
14-02-16_12:17:55,0.035913024,1.9309237,10.409989,0.020433636,0.020316191,-0.026917635,8.573712,-20.564732,14.974342,186.0
14-02-16_12:17:55,0.035913024,1.9309237,10.409989,0.020433636,0.020316191,-0.026917635,8.833656,-20.814123,14.901442,186.0
14-02-16_12:17:55,0.035913024,1.9309237,10.409989,0.022564165,0.006467753,-0.0077428743,8.833656,-20.814123,14.901442,186.0
14-02-16_12:17:55,0.051475335,1.9069817,10.465055,0.022564165,0.006467753,-0.0077428743,8.833656,-20.814123,14.901442,186.0
14-02-16_12:17:55,0.051475335,1.9069817,10.465055,0.022564165,0.006467753,-0.0077428743,8.833656,-20.814123,14.901442,184.0
14-02-16_12:17:55,0.051475335,1.9069817,10.465055,0.022564165,0.006467753,-0.0077428743,9.221562,-21.217209,14.81997,184.0
14-02-16_12:17:55,0.051475335,1.9069817,10.465055,0.022564165,0.006467753,-0.0077428743,9.221562,-21.217209,14.81997,178.0
14-02-16_12:17:55,0.051475335,1.9069817,10.465055,0.013497965,0.013719008,-0.0025441179,9.221562,-21.217209,14.81997,178.0
14-02-16_12:17:56,0.0,1.9788077,10.3453455,0.013497965,0.013719008,-0.0025441179,9.221562,-21.217209,14.81997,178.0
14-02-16_12:17:56,0.0,1.9788077,10.3453455,0.013497965,0.013719008,-0.0025441179,9.221562,-21.217209,14.81997,180.0
14-02-16_12:17:56,0.0,1.9788077,10.3453455,0.013497965,0.013719008,-0.0025441179,9.602039,-21.613903,14.758784,180.0
14-02-16_12:17:56,0.0,1.9788077,10.3453455,0.013497965,0.013719008,-0.0025441179,9.602039,-21.613903,14.758784,178.0
14-02-16_12:17:56,0.0,1.9788077,10.3453455,0.003910586,0.0094579505,-0.011066233,9.602039,-21.613903,14.758784,178.0
14-02-16_12:17:56,-0.019153614,1.946486,10.425551,0.003910586,0.0094579505,-0.011066233,9.602039,-21.613903,14.758784,178.0
14-02-16_12:17:56,-0.019153614,1.946486,10.425551,0.003910586,0.0094579505,-0.011066233,9.602039,-21.613903,14.758784,172.0
14-02-16_12:17:56,-0.019153614,1.946486,10.425551,0.003910586,0.0094579505,-0.011066233,9.94489,-21.920765,14.7029,172.0
14-02-16_12:17:56,-0.019153614,1.946486,10.425551,0.003910586,0.0094579505,-0.011066233,9.94489,-21.920765,14.7029,176.0
14-02-16_12:17:56,-0.019153614,1.946486,10.425551,0.008171643,-0.0022599585,-0.013196762,9.94489,-21.920765,14.7029,176.0
14-02-16_12:17:56,0.046686932,1.9261353,10.448297,0.008171643,-0.0022599585,-0.013196762,9.94489,-21.920765,14.7029,176.0
14-02-16_12:17:56,0.046686932,1.9261353,10.448297,0.008171643,-0.0022599585,-0.013196762,9.94489,-21.920765,14.7029,172.0
14-02-16_12:17:56,0.046686932,1.9261353,10.448297,0.008171643,-0.0022599585,-0.013196762,10.251385,-22.148722,14.652367,172.0
14-02-16_12:17:56,0.046686932,1.9261353,10.448297,-0.00470261,0.0011739214,-0.0109274825,10.251385,-22.148722,14.652367,172.0
14-02-16_12:17:56,-0.029927522,1.9440918,10.447099,-0.00470261,0.0011739214,-0.0109274825,10.251385,-22.148722,14.652367,172.0
14-02-16_12:17:56,-0.029927522,1.9440918,10.447099,-0.00470261,0.0011739214,-0.0109274825,10.251385,-22.148722,14.652367,176.0
14-02-16_12:17:56,-0.029927522,1.9440918,10.447099,-0.00470261,0.0011739214,-0.0109274825,10.504589,-22.335106,14.622639,176.0
14-02-16_12:17:56,-0.029927522,1.9440918,10.447099,-0.00470261,0.0011739214,-0.0109274825,10.504589,-22.335106,14.622639,178.0
14-02-16_12:17:56,-0.029927522,1.9440918,10.447099,-0.0015068165,-0.002021872,-0.009862218,10.504589,-22.335106,14.622639,178.0
14-02-16_12:17:56,0.04309563,1.9261353,10.45907,-0.0015068165,-0.002021872,-0.009862218,10.504589,-22.335106,14.622639,178.0
14-02-16_12:17:56,0.04309563,1.9261353,10.45907,-0.0015068165,-0.002021872,-0.009862218,10.504589,-22.335106,14.622639,180.0
14-02-16_12:17:56,0.04309563,1.9261353,10.45907,-0.0015068165,-0.002021872,-0.009862218,10.682217,-22.49773,14.61698,180.0
14-02-16_12:17:56,0.04309563,1.9261353,10.45907,-0.0015068165,-0.002021872,-0.009862218,10.682217,-22.49773,14.61698,184.0
14-02-16_12:17:56,0.04309563,1.9261353,10.45907,6.237123E-4,1.0865697E-4,-0.002405367,10.682217,-22.49773,14.61698,184.0
14-02-16_12:17:56,0.01316811,1.9069817,10.283096,6.237123E-4,1.0865697E-4,-0.002405367,10.682217,-22.49773,14.61698,184.0
14-02-16_12:17:57,0.01316811,1.9069817,10.283096,6.237123E-4,1.0865697E-4,-0.002405367,10.747349,-22.60032,14.607441,184.0
14-02-16_12:17:57,0.01316811,1.9069817,10.283096,6.237123E-4,1.0865697E-4,-0.002405367,10.747349,-22.60032,14.607441,186.0
14-02-16_12:17:57,0.01316811,1.9069817,10.283096,-0.0047577373,0.0034485273,-0.0012559468,10.747349,-22.60032,14.607441,186.0
14-02-16_12:17:57,-0.007182605,1.9369092,10.3692875,-0.0047577373,0.0034485273,-0.0012559468,10.747349,-22.60032,14.607441,186.0
14-02-16_12:17:57,-0.007182605,1.9369092,10.3692875,-0.0047577373,0.0034485273,-0.0012559468,10.747349,-22.60032,14.607441,188.0
14-02-16_12:17:57,-0.007182605,1.9369092,10.3692875,-0.0047577373,0.0034485273,-0.0012559468,10.704619,-22.61269,14.597938,188.0
14-02-16_12:17:57,-0.007182605,1.9369092,10.3692875,0.0026991137,0.0109053785,-0.008712797,10.704619,-22.61269,14.597938,188.0
14-02-16_12:17:57,-0.06344634,1.8902222,10.521319,0.0026991137,0.0109053785,-0.008712797,10.704619,-22.61269,14.597938,188.0
14-02-16_12:17:57,-0.06344634,1.8902222,10.521319,0.0026991137,0.0109053785,-0.008712797,10.704619,-22.61269,14.597938,196.0
14-02-16_12:17:57,-0.06344634,1.8902222,10.521319,0.0026991137,0.0109053785,-0.008712797,10.635332,-22.571274,14.615075,196.0
14-02-16_12:17:57,-0.06344634,1.8902222,10.521319,0.0026991137,0.0109053785,-0.008712797,10.635332,-22.571274,14.615075,198.0
14-02-16_12:17:57,-0.06344634,1.8902222,10.521319,0.0090907,-0.008269382,-0.010843326,10.635332,-22.571274,14.615075,198.0
14-02-16_12:17:57,-0.062249243,1.9440918,10.383653,0.0090907,-0.008269382,-0.010843326,10.635332,-22.571274,14.615075,198.0
14-02-16_12:17:57,-0.062249243,1.9440918,10.383653,0.0090907,-0.008269382,-0.010843326,10.635332,-22.571274,14.615075,196.0
14-02-16_12:17:57,-0.062249243,1.9440918,10.383653,0.0090907,-0.008269382,-0.010843326,10.575324,-22.528864,14.633296,196.0
14-02-16_12:17:57,-0.062249243,1.9440918,10.383653,0.0026658243,0.0035361452,-0.0012048141,10.575324,-22.528864,14.633296,196.0
14-02-16_12:17:57,-0.08619126,1.9428947,10.387244,0.0026658243,0.0035361452,-0.0012048141,10.575324,-22.528864,14.633296,196.0
14-02-16_12:17:57,-0.08619126,1.9428947,10.387244,0.0026658243,0.0035361452,-0.0012048141,10.575324,-22.528864,14.633296,200.0
14-02-16_12:17:57,-0.08619126,1.9428947,10.387244,0.0026658243,0.0035361452,-0.0012048141,10.515131,-22.51087,14.63193,200.0
14-02-16_12:17:57,-0.08619126,1.9428947,10.387244,0.004796353,0.0024708807,-0.003335343,10.515131,-22.51087,14.63193,200.0
14-02-16_12:17:57,-0.06943185,1.934515,10.415975,0.004796353,0.0024708807,-0.003335343,10.515131,-22.51087,14.63193,200.0
14-02-16_12:17:58,-0.06943185,1.934515,10.415975,0.004796353,0.0024708807,-0.003335343,10.515131,-22.51087,14.63193,198.0
14-02-16_12:17:58,-0.06943185,1.934515,10.415975,0.004796353,0.0024708807,-0.003335343,10.508005,-22.51635,14.62973,198.0
14-02-16_12:17:58,-0.06943185,1.934515,10.415975,0.004796353,0.0024708807,-0.003335343,10.508005,-22.51635,14.62973,200.0
14-02-16_12:17:58,-0.06943185,1.934515,10.415975,-0.0015952335,3.4035198E-4,-0.0054658717,10.508005,-22.51635,14.62973,200.0
14-02-16_12:17:58,-0.08020575,1.9297266,10.352529,-0.0015952335,3.4035198E-4,-0.0054658717,10.508005,-22.51635,14.62973,200.0
14-02-16_12:17:58,-0.08020575,1.9297266,10.352529,-0.0015952335,3.4035198E-4,-0.0054658717,10.508005,-22.51635,14.62973,196.0
14-02-16_12:17:58,-0.08020575,1.9297266,10.352529,-0.0015952335,3.4035198E-4,-0.0054658717,10.5936165,-22.540201,14.627565,196.0
14-02-16_12:17:58,-0.08020575,1.9297266,10.352529,-0.0015952335,3.4035198E-4,-0.0054658717,10.5936165,-22.540201,14.627565,198.0
14-02-16_12:17:58,-0.08020575,1.9297266,10.352529,-5.61128E-4,0.0025523736,-0.0011574097,10.5936165,-22.540201,14.627565,198.0
14-02-16_12:17:58,-0.12090719,1.9117701,10.584765,-5.61128E-4,0.0025523736,-0.0011574097,10.5936165,-22.540201,14.627565,198.0
14-02-16_12:17:58,-0.12090719,1.9117701,10.584765,-5.61128E-4,0.0025523736,-0.0011574097,10.5936165,-22.540201,14.627565,202.0
14-02-16_12:17:58,-0.12090719,1.9117701,10.584765,-5.61128E-4,0.0025523736,-0.0011574097,10.723066,-22.568106,14.601105,202.0
14-02-16_12:17:58,-0.12090719,1.9117701,10.584765,0.014352574,0.012139753,-0.0075489962,10.723066,-22.568106,14.601105,202.0
14-02-16_12:17:58,-0.10654198,1.9117701,10.431537,0.014352574,0.012139753,-0.0075489962,10.723066,-22.568106,14.601105,202.0
14-02-16_12:17:58,-0.10654198,1.9117701,10.431537,0.014352574,0.012139753,-0.0075489962,10.723066,-22.568106,14.601105,200.0
14-02-16_12:17:58,-0.10654198,1.9117701,10.431537,0.014352574,0.012139753,-0.0075489962,10.806589,-22.559431,14.551781,200.0
14-02-16_12:17:58,-0.10654198,1.9117701,10.431537,0.014352574,0.012139753,-0.0075489962,10.806589,-22.559431,14.551781,204.0
14-02-16_12:17:58,-0.10654198,1.9117701,10.431537,-0.020801153,-0.013426593,-0.019266905,10.806589,-22.559431,14.551781,204.0
14-02-16_12:17:58,-0.08738836,1.9416976,10.655395,-0.020801153,-0.013426593,-0.019266905,10.806589,-22.559431,14.551781,204.0
14-02-16_12:17:58,-0.08738836,1.9416976,10.655395,-0.020801153,-0.013426593,-0.019266905,10.806589,-22.559431,14.551781,206.0
14-02-16_12:17:58,-0.08738836,1.9416976,10.655395,-0.020801153,-0.013426593,-0.019266905,10.8269,-22.518509,14.501304,206.0
14-02-16_12:17:58,-0.08738836,1.9416976,10.655395,0.0036783582,-0.028283836,-0.026690999,10.8269,-22.518509,14.501304,206.0
14-02-16_12:17:58,-0.1316811,1.839944,10.466252,0.0036783582,-0.028283836,-0.026690999,10.8269,-22.518509,14.501304,206.0
14-02-16_12:17:59,-0.1316811,1.839944,10.466252,0.0036783582,-0.028283836,-0.026690999,10.812999,-22.486782,14.468514,206.0
14-02-16_12:17:59,-0.1316811,1.839944,10.466252,0.0036783582,-0.028283836,-0.026690999,10.812999,-22.486782,14.468514,208.0
14-02-16_12:17:59,-0.1316811,1.839944,10.466252,-0.005909022,-0.006978547,-0.01497309,10.812999,-22.486782,14.468514,208.0
14-02-16_12:17:59,-0.11851298,1.8495208,10.449493,-0.005909022,-0.006978547,-0.01497309,10.812999,-22.486782,14.468514,208.0
14-02-16_12:17:59,-0.11851298,1.8495208,10.449493,-0.005909022,-0.006978547,-0.01497309,10.812999,-22.486782,14.468514,212.0
14-02-16_12:17:59,-0.11851298,1.8495208,10.449493,-0.005909022,-0.006978547,-0.01497309,10.752521,-22.465725,14.475409,212.0
14-02-16_12:17:59,-0.11851298,1.8495208,10.449493,-0.009104815,-0.003782754,-0.0021899173,10.752521,-22.465725,14.475409,212.0
14-02-16_12:17:59,-0.11133038,1.8854338,10.448297,-0.009104815,-0.003782754,-0.0021899173,10.752521,-22.465725,14.475409,212.0
14-02-16_12:17:59,-0.11133038,1.8854338,10.448297,-0.009104815,-0.003782754,-0.0021899173,10.752521,-22.465725,14.475409,214.0
14-02-16_12:17:59,-0.11133038,1.8854338,10.448297,-0.009104815,-0.003782754,-0.0021899173,10.665273,-22.437439,14.508139,214.0
14-02-16_12:17:59,-0.11133038,1.8854338,10.448297,-0.002720419,-0.0016333166,0.020191554,10.665273,-22.437439,14.508139,214.0
14-02-16_12:17:59,-0.04189853,1.9045875,10.490194,-0.002720419,-0.0016333166,0.020191554,10.665273,-22.437439,14.508139,214.0
14-02-16_12:17:59,-0.04189853,1.9045875,10.490194,-0.002720419,-0.0016333166,0.020191554,10.665273,-22.437439,14.508139,218.0
14-02-16_12:17:59,-0.04189853,1.9045875,10.490194,-0.002720419,-0.0016333166,0.020191554,10.582514,-22.378305,14.521982,218.0
14-02-16_12:17:59,-0.04189853,1.9045875,10.490194,-0.002720419,-0.0016333166,0.020191554,10.582514,-22.378305,14.521982,212.0
14-02-16_12:17:59,-0.04189853,1.9045875,10.490194,0.021780662,0.00475827,0.018061025,10.582514,-22.378305,14.521982,212.0
14-02-16_12:17:59,0.02873042,1.7848774,10.396821,0.021780662,0.00475827,0.018061025,10.582514,-22.378305,14.521982,212.0
14-02-16_12:17:59,0.02873042,1.7848774,10.396821,0.021780662,0.00475827,0.018061025,10.582514,-22.378305,14.521982,208.0
14-02-16_12:17:59,0.02873042,1.7848774,10.396821,0.021780662,0.00475827,0.018061025,10.510032,-22.258415,14.5158205,208.0
14-02-16_12:17:59,0.02873042,1.7848774,10.396821,0.021780662,0.00475827,0.018061025,10.510032,-22.258415,14.5158205,204.0
14-02-16_12:17:59,0.02873042,1.7848774,10.396821,-0.0037856835,0.016476179,-0.018157965,10.510032,-22.258415,14.5158205,204.0
14-02-16_12:17:59,-0.062249243,1.9548657,10.542868,-0.0037856835,0.016476179,-0.018157965,10.510032,-22.258415,14.5158205,204.0
14-02-16_12:18:00,-0.062249243,1.9548657,10.542868,-0.0037856835,0.016476179,-0.018157965,10.510032,-22.258415,14.5158205,200.0
14-02-16_12:18:00,-0.062249243,1.9548657,10.542868,-0.0037856835,0.016476179,-0.018157965,10.489799,-22.124992,14.517818,200.0
14-02-16_12:18:00,-0.062249243,1.9548657,10.542868,0.022833943,-0.014385064,-0.014943795,10.489799,-22.124992,14.517818,200.0
14-02-16_12:18:00,-0.077811554,1.8950106,10.472239,0.022833943,-0.014385064,-0.014943795,10.489799,-22.124992,14.517818,200.0
14-02-16_12:18:00,-0.077811554,1.8950106,10.472239,0.022833943,-0.014385064,-0.014943795,10.489799,-22.124992,14.517818,202.0
14-02-16_12:18:00,-0.077811554,1.8950106,10.472239,0.022833943,-0.014385064,-0.014943795,10.51502,-22.052757,14.539816,202.0
14-02-16_12:18:00,-0.077811554,1.8950106,10.472239,0.022833943,-0.014385064,-0.014943795,10.51502,-22.052757,14.539816,194.0
14-02-16_12:18:00,-0.077811554,1.8950106,10.472239,0.0015286545,0.010116017,-0.029857498,10.51502,-22.052757,14.539816,194.0
14-02-16_12:18:00,-0.08738836,1.9237411,10.602722,0.0015286545,0.010116017,-0.029857498,10.51502,-22.052757,14.539816,194.0
14-02-16_12:18:00,-0.08738836,1.9237411,10.602722,0.0015286545,0.010116017,-0.029857498,10.51502,-22.052757,14.539816,192.0
14-02-16_12:18:00,-0.08738836,1.9237411,10.602722,0.0015286545,0.010116017,-0.029857498,10.556957,-22.03229,14.583504,192.0
14-02-16_12:18:00,-0.08738836,1.9237411,10.602722,0.0015286545,0.010116017,-0.029857498,10.556957,-22.03229,14.583504,194.0
14-02-16_12:18:00,-0.08738836,1.9237411,10.602722,0.011116034,0.006920224,-0.019204853,10.556957,-22.03229,14.583504,194.0
14-02-16_12:18:00,-0.14604631,1.9512744,10.346542,0.011116034,0.006920224,-0.019204853,10.556957,-22.03229,14.583504,194.0
14-02-16_12:18:00,-0.14604631,1.9512744,10.346542,0.011116034,0.006920224,-0.019204853,10.556957,-22.03229,14.583504,198.0
14-02-16_12:18:00,-0.14604631,1.9512744,10.346542,0.011116034,0.006920224,-0.019204853,10.648063,-22.065346,14.628903,198.0
14-02-16_12:18:00,-0.14604631,1.9512744,10.346542,0.011116034,0.006920224,-0.019204853,10.648063,-22.065346,14.628903,196.0
14-02-16_12:18:00,-0.14604631,1.9512744,10.346542,4.5859633E-4,0.0016064188,0.009564477,10.648063,-22.065346,14.628903,196.0
14-02-16_12:18:00,-0.12449849,1.9249382,10.352529,4.5859633E-4,0.0016064188,0.009564477,10.648063,-22.065346,14.628903,196.0
14-02-16_12:18:00,-0.12449849,1.9249382,10.352529,4.5859633E-4,0.0016064188,0.009564477,10.648063,-22.065346,14.628903,206.0
14-02-16_12:18:00,-0.12449849,1.9249382,10.352529,4.5859633E-4,0.0016064188,0.009564477,10.777605,-22.17515,14.649637,206.0
14-02-16_12:18:00,-0.12449849,1.9249382,10.352529,4.5859633E-4,0.0016064188,0.009564477,10.777605,-22.17515,14.649637,210.0
14-02-16_12:18:00,-0.12449849,1.9249382,10.352529,0.0057849186,-0.009046226,0.052175052,10.777605,-22.17515,14.649637,210.0
14-02-16_12:18:00,-0.05267244,1.7705121,10.206482,0.0057849186,-0.009046226,0.052175052,10.777605,-22.17515,14.649637,210.0
14-02-16_12:18:01,-0.05267244,1.7705121,10.206482,0.0057849186,-0.009046226,0.052175052,10.777605,-22.17515,14.649637,208.0
14-02-16_12:18:01,-0.05267244,1.7705121,10.206482,0.0057849186,-0.009046226,0.052175052,10.91636,-22.275131,14.63799,208.0
14-02-16_12:18:01,-0.05267244,1.7705121,10.206482,0.0057849186,-0.009046226,0.052175052,10.91636,-22.275131,14.63799,204.0
14-02-16_12:18:01,-0.05267244,1.7705121,10.206482,0.008980712,0.0410212,0.08306772,10.91636,-22.275131,14.63799,204.0
14-02-16_12:18:01,-0.06584055,1.9045875,10.518925,0.008980712,0.0410212,0.08306772,10.91636,-22.275131,14.63799,204.0
14-02-16_12:18:01,-0.06584055,1.9045875,10.518925,0.008980712,0.0410212,0.08306772,10.91636,-22.275131,14.63799,194.0
14-02-16_12:18:01,-0.06584055,1.9045875,10.518925,0.008980712,0.0410212,0.08306772,11.023794,-22.284647,14.604937,194.0
14-02-16_12:18:01,-0.06584055,1.9045875,10.518925,0.008980712,0.0410212,0.08306772,11.023794,-22.284647,14.604937,196.0
14-02-16_12:18:01,-0.06584055,1.9045875,10.518925,-0.05067889,0.08897062,0.07987939,11.023794,-22.284647,14.604937,196.0
14-02-16_12:18:01,-0.32680854,1.8255788,10.560823,-0.05067889,0.08897062,0.07987939,11.023794,-22.284647,14.604937,196.0
14-02-16_12:18:01,-0.32680854,1.8255788,10.560823,-0.05067889,0.08897062,0.07987939,11.023794,-22.284647,14.604937,214.0
14-02-16_12:18:01,-0.32680854,1.8255788,10.560823,-0.05067889,0.08897062,0.07987939,11.070262,-22.224329,14.543459,214.0
14-02-16_12:18:01,-0.32680854,1.8255788,10.560823,-0.05067889,0.08897062,0.07987939,11.070262,-22.224329,14.543459,230.0
14-02-16_12:18:01,-0.32680854,1.8255788,10.560823,-0.012329371,0.019728431,0.104380466,11.070262,-22.224329,14.543459,230.0
14-02-16_12:18:01,-0.21906945,1.8016368,10.259154,-0.012329371,0.019728431,0.104380466,11.070262,-22.224329,14.543459,230.0
14-02-16_12:18:01,-0.21906945,1.8016368,10.259154,-0.012329371,0.019728431,0.104380466,11.070262,-22.224329,14.543459,262.0
14-02-16_12:18:01,-0.21906945,1.8016368,10.259154,-0.012329371,0.019728431,0.104380466,11.103157,-22.060122,14.414593,262.0
14-02-16_12:18:01,-0.21906945,1.8016368,10.259154,-0.012329371,0.019728431,0.104380466,11.103157,-22.060122,14.414593,252.0
14-02-16_12:18:01,-0.21906945,1.8016368,10.259154,0.027085414,-0.021816881,0.047921453,11.103157,-22.060122,14.414593,252.0
14-02-16_12:18:01,-0.22266077,1.804031,10.382456,0.027085414,-0.021816881,0.047921453,11.103157,-22.060122,14.414593,252.0
14-02-16_12:18:01,-0.22266077,1.804031,10.382456,0.027085414,-0.021816881,0.047921453,11.103157,-22.060122,14.414593,224.0
14-02-16_12:18:01,-0.22266077,1.804031,10.382456,0.027085414,-0.021816881,0.047921453,11.114809,-21.771582,14.237816,224.0
14-02-16_12:18:01,-0.22266077,1.804031,10.382456,0.027085414,-0.021816881,0.047921453,11.114809,-21.771582,14.237816,222.0
14-02-16_12:18:01,-0.22266077,1.804031,10.382456,-0.011273693,0.0069702915,-0.0010663297,11.114809,-21.771582,14.237816,222.0
14-02-16_12:18:02,-0.22625206,1.8207904,10.477027,-0.011273693,0.0069702915,-0.0010663297,11.114809,-21.771582,14.237816,222.0
14-02-16_12:18:02,-0.22625206,1.8207904,10.477027,-0.011273693,0.0069702915,-0.0010663297,11.114809,-21.771582,14.237816,226.0
14-02-16_12:18:02,-0.22625206,1.8207904,10.477027,-0.011273693,0.0069702915,-0.0010663297,11.056273,-21.423046,14.089644,226.0
14-02-16_12:18:02,-0.22625206,1.8207904,10.477027,-0.011273693,0.0069702915,-0.0010663297,11.056273,-21.423046,14.089644,230.0
14-02-16_12:18:02,-0.22625206,1.8207904,10.477027,0.04412006,0.015492407,-0.026632676,11.056273,-21.423046,14.089644,230.0
14-02-16_12:18:02,-0.35075054,1.8303672,10.352529,0.04412006,0.015492407,-0.026632676,11.056273,-21.423046,14.089644,230.0
14-02-16_12:18:02,-0.35075054,1.8303672,10.352529,0.04412006,0.015492407,-0.026632676,11.056273,-21.423046,14.089644,224.0
14-02-16_12:18:02,-0.35075054,1.8303672,10.352529,0.04412006,0.015492407,-0.026632676,10.942816,-21.09011,14.0092125,224.0
14-02-16_12:18:02,-0.35075054,1.8303672,10.352529,0.04412006,0.015492407,-0.026632676,10.942816,-21.09011,14.0092125,220.0
14-02-16_12:18:02,-0.35075054,1.8303672,10.352529,0.006835802,-0.0058128815,-0.008523181,10.942816,-21.09011,14.0092125,220.0
14-02-16_12:18:02,-0.39504328,1.8890251,10.277111,0.006835802,-0.0058128815,-0.008523181,10.942816,-21.09011,14.0092125,220.0
14-02-16_12:18:02,-0.39504328,1.8890251,10.277111,0.006835802,-0.0058128815,-0.008523181,10.942816,-21.09011,14.0092125,222.0
14-02-16_12:18:02,-0.39504328,1.8890251,10.277111,0.006835802,-0.0058128815,-0.008523181,10.817337,-20.871773,13.9853,222.0
14-02-16_12:18:02,-0.39504328,1.8890251,10.277111,0.005768141,0.0016503609,-0.024498418,10.817337,-20.871773,13.9853,222.0
14-02-16_12:18:02,-0.2801216,1.7848774,10.344149,0.005768141,0.0016503609,-0.024498418,10.817337,-20.871773,13.9853,222.0
14-02-16_12:18:02,-0.2801216,1.7848774,10.344149,0.005768141,0.0016503609,-0.024498418,10.817337,-20.871773,13.9853,216.0
14-02-16_12:18:02,-0.2801216,1.7848774,10.344149,0.005768141,0.0016503609,-0.024498418,10.727452,-20.809124,13.984868,216.0
14-02-16_12:18:02,-0.2801216,1.7848774,10.344149,0.005768141,0.0016503609,-0.024498418,10.727452,-20.809124,13.984868,212.0
14-02-16_12:18:02,-0.2801216,1.7848774,10.344149,-0.0070150327,0.019759856,-0.0042583947,10.727452,-20.809124,13.984868,212.0
14-02-16_12:18:02,-0.34476504,1.9428947,10.503363,-0.0070150327,0.019759856,-0.0042583947,10.727452,-20.809124,13.984868,212.0
14-02-16_12:18:02,-0.34476504,1.9428947,10.503363,-0.0070150327,0.019759856,-0.0042583947,10.727452,-20.809124,13.984868,220.0
14-02-16_12:18:02,-0.34476504,1.9428947,10.503363,-0.0070150327,0.019759856,-0.0042583947,10.713603,-20.857975,13.987489,220.0
14-02-16_12:18:02,-0.34476504,1.9428947,10.503363,-0.0070150327,0.019759856,-0.0042583947,10.713603,-20.857975,13.987489,224.0
14-02-16_12:18:03,-0.34476504,1.9428947,10.503363,0.008963934,-0.01539387,-0.050064765,10.713603,-20.857975,13.987489,224.0
14-02-16_12:18:03,-0.31244332,1.8662802,10.481815,0.008963934,-0.01539387,-0.050064765,10.713603,-20.857975,13.987489,224.0
14-02-16_12:18:03,-0.31244332,1.8662802,10.481815,0.008963934,-0.01539387,-0.050064765,10.780045,-20.950405,13.999294,224.0
14-02-16_12:18:03,-0.31244332,1.8662802,10.481815,0.008963934,-0.01539387,-0.050064765,10.780045,-20.950405,13.999294,222.0
14-02-16_12:18:03,-0.31244332,1.8662802,10.481815,-0.03578676,-0.16663638,-0.039397474,10.780045,-20.950405,13.999294,222.0
14-02-16_12:18:03,-0.1448492,1.7202339,10.433931,-0.03578676,-0.16663638,-0.039397474,10.780045,-20.950405,13.999294,222.0
14-02-16_12:18:03,-0.1448492,1.7202339,10.433931,-0.03578676,-0.16663638,-0.039397474,10.780045,-20.950405,13.999294,218.0
14-02-16_12:18:03,-0.1448492,1.7202339,10.433931,-0.03578676,-0.16663638,-0.039397474,10.830443,-21.037107,14.021399,218.0
14-02-16_12:18:03,-0.1448492,1.7202339,10.433931,-0.03578676,-0.16663638,-0.039397474,10.830443,-21.037107,14.021399,212.0
14-02-16_12:18:03,-0.1448492,1.7202339,10.433931,0.0941755,0.070917584,-0.05537644,10.830443,-21.037107,14.021399,212.0
14-02-16_12:18:03,-0.24301147,1.8842367,10.31901,0.0941755,0.070917584,-0.05537644,10.830443,-21.037107,14.021399,212.0
14-02-16_12:18:03,-0.24301147,1.8842367,10.31901,0.0941755,0.070917584,-0.05537644,10.830443,-21.037107,14.021399,196.0
14-02-16_12:18:03,-0.24301147,1.8842367,10.31901,0.0941755,0.070917584,-0.05537644,10.76423,-21.120401,14.060542,196.0
14-02-16_12:18:03,-0.24301147,1.8842367,10.31901,0.0941755,0.070917584,-0.05537644,10.76423,-21.120401,14.060542,188.0
14-02-16_12:18:03,-0.24301147,1.8842367,10.31901,0.1090892,0.049612295,-0.07242067,10.76423,-21.120401,14.060542,188.0
14-02-16_12:18:03,-0.31244332,2.280477,10.09156,0.1090892,0.049612295,-0.07242067,10.76423,-21.120401,14.060542,188.0
14-02-16_12:18:03,-0.31244332,2.280477,10.09156,0.1090892,0.049612295,-0.07242067,10.76423,-21.120401,14.060542,166.0
14-02-16_12:18:03,-0.31244332,2.280477,10.09156,0.1090892,0.049612295,-0.07242067,10.671925,-21.284555,14.141313,166.0
14-02-16_12:18:03,-0.31244332,2.280477,10.09156,0.1090892,0.049612295,-0.07242067,10.671925,-21.284555,14.141313,156.0
14-02-16_12:18:03,-0.31244332,2.280477,10.09156,-0.0645489,-0.029217273,-0.11716177,10.671925,-21.284555,14.141313,156.0
14-02-16_12:18:03,-0.21906945,2.1380222,10.401609,-0.0645489,-0.029217273,-0.11716177,10.671925,-21.284555,14.141313,156.0
14-02-16_12:18:03,-0.21906945,2.1380222,10.401609,-0.0645489,-0.029217273,-0.11716177,10.671925,-21.284555,14.141313,164.0
14-02-16_12:18:03,-0.21906945,2.1380222,10.401609,-0.0645489,-0.029217273,-0.11716177,10.717397,-21.595043,14.2589655,164.0
14-02-16_12:18:03,-0.21906945,2.1380222,10.401609,-0.0645489,-0.029217273,-0.11716177,10.717397,-21.595043,14.2589655,180.0
14-02-16_12:18:03,-0.21906945,2.1380222,10.401609,-0.03898255,0.059199672,-0.12887968,10.717397,-21.595043,14.2589655,180.0
14-02-16_12:18:04,-0.5614403,1.9740193,10.143036,-0.03898255,0.059199672,-0.12887968,10.717397,-21.595043,14.2589655,180.0
14-02-16_12:18:04,-0.5614403,1.9740193,10.143036,-0.03898255,0.059199672,-0.12887968,10.717397,-21.595043,14.2589655,196.0
14-02-16_12:18:04,-0.5614403,1.9740193,10.143036,-0.03898255,0.059199672,-0.12887968,10.926891,-21.971691,14.362696,196.0
14-02-16_12:18:04,-0.5614403,1.9740193,10.143036,-0.03898255,0.059199672,-0.12887968,10.926891,-21.971691,14.362696,206.0
14-02-16_12:18:04,-0.5614403,1.9740193,10.143036,-0.0048940913,0.09222287,-0.119292304,10.926891,-21.971691,14.362696,206.0
14-02-16_12:18:04,-0.6380547,1.8710686,10.546458,-0.0048940913,0.09222287,-0.119292304,10.926891,-21.971691,14.362696,206.0
14-02-16_12:18:04,-0.6380547,1.8710686,10.546458,-0.0048940913,0.09222287,-0.119292304,10.926891,-21.971691,14.362696,234.0
14-02-16_12:18:04,-0.6380547,1.8710686,10.546458,-0.0048940913,0.09222287,-0.119292304,11.305214,-22.321869,14.389756,234.0
14-02-16_12:18:04,-0.6380547,1.8710686,10.546458,-0.0048940913,0.09222287,-0.119292304,11.305214,-22.321869,14.389756,230.0
14-02-16_12:18:04,-0.6380547,1.8710686,10.546458,0.04517813,-0.056926664,-0.028752286,11.305214,-22.321869,14.389756,230.0
14-02-16_12:18:04,-0.61770403,2.0961237,10.259154,0.04517813,-0.056926664,-0.028752286,11.305214,-22.321869,14.389756,230.0
14-02-16_12:18:04,-0.61770403,2.0961237,10.259154,0.04517813,-0.056926664,-0.028752286,11.305214,-22.321869,14.389756,204.0
14-02-16_12:18:04,-0.61770403,2.0961237,10.259154,0.04517813,-0.056926664,-0.028752286,11.854231,-22.623075,14.350097,204.0
14-02-16_12:18:04,-0.61770403,2.0961237,10.259154,0.04517813,-0.056926664,-0.028752286,11.854231,-22.623075,14.350097,200.0
14-02-16_12:18:04,-0.61770403,2.0961237,10.259154,-0.003824033,-0.01218556,0.0010751181,11.854231,-22.623075,14.350097,200.0
14-02-16_12:18:04,-0.46926352,2.0649989,10.287885,-0.003824033,-0.01218556,0.0010751181,11.854231,-22.623075,14.350097,200.0
14-02-16_12:18:04,-0.46926352,2.0649989,10.287885,-0.003824033,-0.01218556,0.0010751181,11.854231,-22.623075,14.350097,202.0
14-02-16_12:18:04,-0.46926352,2.0649989,10.287885,-0.003824033,-0.01218556,0.0010751181,12.4090805,-22.882505,14.302922,202.0
14-02-16_12:18:04,-0.46926352,2.0649989,10.287885,-0.003824033,-0.01218556,0.0010751181,12.4090805,-22.882505,14.302922,204.0
14-02-16_12:18:04,-0.46926352,2.0649989,10.287885,-0.021933528,-0.013250824,-0.01064279,12.4090805,-22.882505,14.302922,204.0
14-02-16_12:18:04,-0.36391866,2.03148,10.53329,-0.021933528,-0.013250824,-0.01064279,12.4090805,-22.882505,14.302922,204.0
14-02-16_12:18:04,-0.36391866,2.03148,10.53329,-0.021933528,-0.013250824,-0.01064279,12.4090805,-22.882505,14.302922,208.0
14-02-16_12:18:04,-0.36391866,2.03148,10.53329,-0.021933528,-0.013250824,-0.01064279,12.823884,-23.095375,14.253246,208.0
14-02-16_12:18:04,-0.36391866,2.03148,10.53329,-0.021933528,-0.013250824,-0.01064279,12.823884,-23.095375,14.253246,212.0
14-02-16_12:18:05,-0.36391866,2.03148,10.53329,0.006816627,0.017673003,-0.030864438,12.823884,-23.095375,14.253246,212.0
14-02-16_12:18:05,-0.6607997,2.0590134,10.426748,0.006816627,0.017673003,-0.030864438,12.823884,-23.095375,14.253246,212.0
14-02-16_12:18:05,-0.6607997,2.0590134,10.426748,0.006816627,0.017673003,-0.030864438,12.823884,-23.095375,14.253246,214.0
14-02-16_12:18:05,-0.6607997,2.0590134,10.426748,0.006816627,0.017673003,-0.030864438,13.0979395,-23.243864,14.195716,214.0
14-02-16_12:18:05,-0.6607997,2.0590134,10.426748,0.006816627,0.017673003,-0.030864438,13.0979395,-23.243864,14.195716,212.0
14-02-16_12:18:05,-0.6607997,2.0590134,10.426748,-0.028337099,-0.041981805,0.020268254,13.0979395,-23.243864,14.195716,212.0
14-02-16_12:18:05,-0.6847417,1.9045875,10.320207,-0.028337099,-0.041981805,0.020268254,13.0979395,-23.243864,14.195716,212.0
14-02-16_12:18:05,-0.6847417,1.9045875,10.320207,-0.028337099,-0.041981805,0.020268254,13.0979395,-23.243864,14.195716,226.0
14-02-16_12:18:05,-0.6847417,1.9045875,10.320207,-0.028337099,-0.041981805,0.020268254,13.258768,-23.315718,14.162318,226.0
14-02-16_12:18:05,-0.6847417,1.9045875,10.320207,-0.028337099,-0.041981805,0.020268254,13.258768,-23.315718,14.162318,240.0
14-02-16_12:18:05,-0.6847417,1.9045875,10.320207,-0.05922977,-0.011089137,-0.0021022994,13.258768,-23.315718,14.162318,240.0
14-02-16_12:18:05,-0.2633622,1.7896658,10.8385515,-0.05922977,-0.011089137,-0.0021022994,13.258768,-23.315718,14.162318,240.0
14-02-16_12:18:05,-0.2633622,1.7896658,10.8385515,-0.05922977,-0.011089137,-0.0021022994,13.258768,-23.315718,14.162318,270.0
14-02-16_12:18:05,-0.2633622,1.7896658,10.8385515,-0.05922977,-0.011089137,-0.0021022994,13.308939,-23.279009,14.155304,270.0
14-02-16_12:18:05,-0.2633622,1.7896658,10.8385515,-0.05922977,-0.011089137,-0.0021022994,13.308939,-23.279009,14.155304,276.0
14-02-16_12:18:05,-0.2633622,1.7896658,10.8385515,0.070730366,-0.01960486,-0.13206083,13.308939,-23.279009,14.155304,276.0
14-02-16_12:18:05,-0.3866636,1.9189527,10.569203,0.070730366,-0.01960486,-0.13206083,13.308939,-23.279009,14.155304,276.0
14-02-16_12:18:05,-0.3866636,1.9189527,10.569203,0.070730366,-0.01960486,-0.13206083,13.308939,-23.279009,14.155304,254.0
14-02-16_12:18:05,-0.3866636,1.9189527,10.569203,0.070730366,-0.01960486,-0.13206083,13.255093,-23.172974,14.145784,254.0
14-02-16_12:18:05,-0.3866636,1.9189527,10.569203,0.070730366,-0.01960486,-0.13206083,13.255093,-23.172974,14.145784,236.0
14-02-16_12:18:05,-0.3866636,1.9189527,10.569203,0.030250315,-0.037714355,-0.1927809,13.255093,-23.172974,14.145784,236.0
14-02-16_12:18:05,-0.47165772,2.0638018,10.444705,0.030250315,-0.037714355,-0.1927809,13.255093,-23.172974,14.145784,236.0
14-02-16_12:18:05,-0.47165772,2.0638018,10.444705,0.030250315,-0.037714355,-0.1927809,13.255093,-23.172974,14.145784,230.0
14-02-16_12:18:05,-0.47165772,2.0638018,10.444705,0.030250315,-0.037714355,-0.1927809,13.195216,-23.129053,14.153448,230.0
14-02-16_12:18:05,-0.47165772,2.0638018,10.444705,0.030250315,-0.037714355,-0.1927809,13.195216,-23.129053,14.153448,226.0
14-02-16_12:18:06,-0.47165772,2.0638018,10.444705,0.017467141,-0.05582385,-0.19704196,13.195216,-23.129053,14.153448,226.0
14-02-16_12:18:06,-0.31364042,2.066196,10.517728,0.017467141,-0.05582385,-0.19704196,13.195216,-23.129053,14.153448,226.0
14-02-16_12:18:06,-0.31364042,2.066196,10.517728,0.017467141,-0.05582385,-0.19704196,13.195216,-23.129053,14.153448,224.0
14-02-16_12:18:06,-0.31364042,2.066196,10.517728,0.017467141,-0.05582385,-0.19704196,13.259783,-23.24721,14.192545,224.0
14-02-16_12:18:06,-0.31364042,2.066196,10.517728,0.011075554,-0.10802181,-0.21408619,13.259783,-23.24721,14.192545,224.0
14-02-16_12:18:06,-0.11372458,2.112883,10.404003,0.011075554,-0.10802181,-0.21408619,13.259783,-23.24721,14.192545,224.0
14-02-16_12:18:06,-0.11372458,2.112883,10.404003,0.011075554,-0.10802181,-0.21408619,13.259783,-23.24721,14.192545,222.0
14-02-16_12:18:06,-0.11372458,2.112883,10.404003,0.011075554,-0.10802181,-0.21408619,13.436984,-23.567842,14.25541,222.0
14-02-16_12:18:06,-0.11372458,2.112883,10.404003,0.011075554,-0.10802181,-0.21408619,13.436984,-23.567842,14.25541,220.0
14-02-16_12:18:06,-0.11372458,2.112883,10.404003,0.016401876,-0.062215436,-0.26521888,13.436984,-23.567842,14.25541,220.0
14-02-16_12:18:06,-0.19752164,2.1763294,10.395624,0.016401876,-0.062215436,-0.26521888,13.436984,-23.567842,14.25541,220.0
14-02-16_12:18:06,-0.19752164,2.1763294,10.395624,0.016401876,-0.062215436,-0.26521888,13.436984,-23.567842,14.25541,226.0
14-02-16_12:18:06,-0.19752164,2.1763294,10.395624,0.016401876,-0.062215436,-0.26521888,13.632898,-24.070164,14.36667,226.0
14-02-16_12:18:06,-0.19752164,2.1763294,10.395624,0.016401876,-0.062215436,-0.26521888,13.632898,-24.070164,14.36667,230.0
14-02-16_12:18:06,-0.19752164,2.1763294,10.395624,0.06327351,-0.08778179,-0.22260831,13.632898,-24.070164,14.36667,230.0
14-02-16_12:18:06,-0.11492168,2.3080103,10.473435,0.06327351,-0.08778179,-0.22260831,13.632898,-24.070164,14.36667,230.0
14-02-16_12:18:06,-0.11492168,2.3080103,10.473435,0.06327351,-0.08778179,-0.22260831,13.632898,-24.070164,14.36667,224.0
14-02-16_12:18:06,-0.11492168,2.3080103,10.473435,0.06327351,-0.08778179,-0.22260831,13.856705,-24.708282,14.545,224.0
14-02-16_12:18:06,-0.11492168,2.3080103,10.473435,0.06327351,-0.08778179,-0.22260831,13.856705,-24.708282,14.545,218.0
14-02-16_12:18:06,-0.11492168,2.3080103,10.473435,0.082438685,-0.07923464,-0.191701,13.856705,-24.708282,14.545,218.0
14-02-16_12:18:06,-0.074220255,2.337938,10.315418,0.082438685,-0.07923464,-0.191701,13.856705,-24.708282,14.545,218.0
14-02-16_12:18:06,-0.074220255,2.337938,10.315418,0.082438685,-0.07923464,-0.191701,13.856705,-24.708282,14.545,200.0
14-02-16_12:18:06,-0.074220255,2.337938,10.315418,0.082438685,-0.07923464,-0.191701,14.156747,-25.482882,14.802538,200.0
14-02-16_12:18:06,-0.074220255,2.337938,10.315418,0.082438685,-0.07923464,-0.191701,14.156747,-25.482882,14.802538,196.0
14-02-16_12:18:07,-0.074220255,2.337938,10.315418,0.07072078,-0.08136516,-0.13950303,14.156747,-25.482882,14.802538,196.0
14-02-16_12:18:07,0.24779987,2.4109612,9.939528,0.07072078,-0.08136516,-0.13950303,14.156747,-25.482882,14.802538,196.0
14-02-16_12:18:07,0.24779987,2.4109612,9.939528,0.07072078,-0.08136516,-0.13950303,14.156747,-25.482882,14.802538,190.0
14-02-16_12:18:07,0.24779987,2.4109612,9.939528,0.07072078,-0.08136516,-0.13950303,14.508032,-26.392012,15.13765,190.0
14-02-16_12:18:07,0.24779987,2.4109612,9.939528,0.07072078,-0.08136516,-0.13950303,14.508032,-26.392012,15.13765,186.0
